,timestamp,position_type,rsi,rsi_delta,dxy_rsi,vix_close,us10y_rsi,outcome
0,11/01/2010 17:00,short,72.91443850267379,7.411049097702488,50.2203103111025,14.17,44.3661971830986,True
1,17/01/2010 21:00,long,19.166413142683652,-17.307750991055265,50.2203103111025,14.17,38.3064516129032,False
2,18/03/2010 21:00,long,29.09851654621548,-8.602018213142912,39.285739796070104,16.620001000000002,58.11965811965833,False
3,24/03/2010 17:00,long,26.70594010800197,-3.948960031338302,63.94737666207809,17.549999,74.4336569579289,True
4,30/03/2010 05:00,short,81.46214099216688,14.837203586057612,71.69805879072482,17.129998999999998,72.65822784810109,True
5,06/04/2010 01:00,long,28.892005610097613,-18.882570118368612,62.458417898418595,16.23,71.46666666666655,False
6,11/04/2010 21:00,short,81.22074882995341,20.670039996801847,34.58349062382054,16.139999,38.028169014084085,True
7,16/04/2010 13:00,long,24.31578947368361,-9.37986270022914,41.63424775544928,18.360001,25.944584382871454,False
8,22/04/2010 17:00,long,22.423146473779212,-2.763420690400082,62.32557533801202,16.469998999999998,26.876513317191367,False
9,28/04/2010 09:00,long,21.78588125292231,-10.394714328249734,78.06690731192356,21.08,39.61538461538476,False
10,05/05/2010 01:00,long,20.133481646273935,0.6501662533780603,81.79558827380086,24.91,26.086956521739168,False
11,06/05/2010 01:00,long,16.189058429475423,4.452139824823746,84.69606533683829,32.799999,21.01167315175104,False
12,07/05/2010 01:00,long,15.546218487394967,0.536076499565354,77.05881776238766,40.950001,26.258503401360485,False
13,14/05/2010 17:00,long,22.15909090909078,-20.03179846184174,82.75866825214972,31.24,10.34482758620672,False
14,17/05/2010 09:00,long,18.3982683982684,-3.1440025603450152,91.19995647998246,30.84,12.625250501001801,True
15,21/05/2010 05:00,short,77.52180137966914,15.635008926839063,62.394546778169655,40.099998,10.227272727272577,True
16,25/05/2010 09:00,long,28.444989106753837,-7.95495173040036,65.90474285714288,34.610001000000004,6.374501992031881,False
17,06/06/2010 21:00,long,28.274678111588003,-3.0252078633265143,58.82363692513241,35.48,36.938202247191,True
18,10/06/2010 17:00,short,70.86253369272251,6.665926906295482,56.33804545577087,30.57,57.50000000000005,False
19,14/06/2010 13:00,short,79.8368953880768,-2.606787275978192,64.45090555965773,28.58,40.76655052264815,False
20,23/06/2010 05:00,long,19.678583142013267,-15.136428835628138,19.99993650803718,26.91,37.37201365187701,True
21,01/07/2010 17:00,short,80.80402010050277,16.448990514704022,21.13544099308713,32.860001000000004,10.148514851484862,False
22,02/07/2010 17:00,short,79.65579710144895,-5.6234891669762845,16.964102625152265,30.120001000000002,21.72897196261654,False
23,13/07/2010 05:00,long,29.992289899769077,-12.043721180563445,17.405980150805973,24.559998999999998,69.91404011461343,True
24,14/07/2010 17:00,short,76.52608213096494,10.068223361033375,16.241888514365797,24.889999,59.079903147699916,False
25,16/07/2010 01:00,short,75.50919026328837,-11.032621583401422,3.513435281163808,26.25,53.15904139433571,True
26,21/07/2010 17:00,long,28.269337785197948,-11.526580582149059,33.89247297394796,25.639999,43.73576309794992,True
27,26/07/2010 05:00,short,74.38616071428588,11.320834081120182,24.999943181753665,22.73,40.7673860911271,False
28,03/08/2010 09:00,short,77.25856697819343,10.03864996574525,33.680543499245175,22.629998999999998,37.259615384615614,True
29,11/08/2010 05:00,long,28.165312947921564,-4.322338601247665,57.310062412189474,25.389999,16.69724770642216,False
30,11/08/2010 21:00,long,16.715441556205704,0.7187364491218631,57.310062412189474,25.389999,16.69724770642216,True
31,18/08/2010 09:00,short,70.41149575440875,6.190645772571173,69.12573128495194,24.59,30.210325047801206,True
32,22/08/2010 21:00,long,25.41646834840587,-5.651492816643042,81.05273462633707,25.49,30.97165991902834,True
33,29/08/2010 21:00,short,76.12193056731566,16.53979800247386,66.49467318489253,24.450001,53.15315315315317,False
34,07/09/2010 17:00,long,29.514170040485965,-5.617408906881906,43.15758005424219,23.799999,66.1949685534592,True
35,14/09/2010 01:00,short,72.57785467127965,2.7194033806889735,30.501695561809555,21.559998999999998,74.372759856631,False
36,14/09/2010 21:00,short,83.2527472527473,5.788534573810779,30.501695561809555,21.559998999999998,74.372759856631,False
37,21/09/2010 21:00,short,77.26537216828496,30.894404426349475,23.529438225107782,22.35,58.246346555323676,False
38,23/09/2010 01:00,short,89.69682614874583,-0.6450921461043038,23.36958604087313,23.870001000000002,53.759398496240706,False
39,29/09/2010 17:00,short,70.87640449438219,5.88538115506428,16.269005180701853,23.25,40.27237354085622,False
40,06/10/2010 17:00,short,91.12605042016881,26.288388082506458,4.487164831229109,21.49,30.94688221709029,False
41,14/10/2010 09:00,short,75.78998541565392,2.524534314541029,1.0344479191555394,19.879998999999998,59.3360995850626,True
42,19/10/2010 17:00,long,26.60445317616245,-7.875572188453901,46.06743940161723,20.629998999999998,57.462686567164376,True
43,22/10/2010 05:00,short,70.62532842879665,12.756802532382189,50.9186475706184,18.780001000000002,86.3636363636359,True
44,27/10/2010 05:00,long,24.66397849462389,-15.990227112853027,62.42173290733523,20.709999,95.07042253521111,True
45,01/11/2010 01:00,short,73.36633663366351,6.968487171297852,57.90643414474867,21.83,67.47311827956992,False
46,04/11/2010 01:00,short,82.28458049886565,3.0974555670602086,28.96998296144652,18.52,50.181818181818244,False
47,04/11/2010 17:00,short,76.41587432823466,-10.073533367398227,28.96998296144652,18.52,50.181818181818244,True
48,08/11/2010 13:00,long,28.571428571428513,-5.296385272920361,42.78609489850929,18.290001,46.62698412698425,False
49,10/11/2010 05:00,long,24.642464246424737,-0.29260068864017796,50.21641685889174,18.469998999999998,54.17348608837986,False
50,15/11/2010 13:00,long,27.913783927621083,-3.070258625570588,54.38599210003011,20.200001,60.954446854663715,False
51,17/11/2010 05:00,long,26.011277273841714,4.482416119395779,60.141575071014124,21.76,54.981549815498035,True
52,19/11/2010 09:00,short,73.83573243014476,6.19883060478638,63.750026874906155,18.040001,56.75182481751827,True
53,23/11/2010 17:00,long,21.80010651517837,-16.694433266412915,77.21186208479267,20.629998999999998,62.86407766990299,False
54,29/11/2010 01:00,long,27.941614536788478,-10.857956738666196,68.86457633929358,21.530001000000002,68.92778993435454,False
55,30/11/2010 13:00,long,21.52235628105042,-0.9281341872078599,75.93227808088454,23.540001,55.34759358288781,True
56,02/12/2010 17:00,short,70.28496845768909,12.428147206001647,58.181989138178956,19.389999,71.05719237435011,False
57,05/12/2010 21:00,short,84.64859678579968,-0.08422764168093977,39.24054798904083,18.01,79.92202729044838,True
58,08/12/2010 05:00,long,29.292663686563287,-6.933751407776093,52.10531357335415,17.74,89.7711978465679,True
59,13/12/2010 21:00,short,74.5795423214778,10.435829746627363,32.08957757851583,17.549999,93.92971246006385,True
60,16/12/2010 17:00,long,23.59955005624232,-10.414055385933793,43.78700623223942,17.389999,93.64358683314406,False
61,27/12/2010 21:00,short,71.07075767063088,7.8829018831560305,80.37964148487038,17.67,63.8983050847457,False
62,31/12/2010 05:00,short,87.22580645161135,-2.034756928670177,41.696145288173156,17.75,41.01838755304096,True
63,05/01/2011 21:00,long,21.74167153711339,-11.750140401608476,43.92868188704498,17.02,61.72006745362577,False
64,07/01/2011 01:00,long,0.1008403361336292,0.021433242433900546,54.624258745773986,17.139999,50.48275862068962,False
65,12/01/2011 05:00,short,79.53056768558888,20.83124336126481,46.19168959660271,16.24,49.36530324400562,False
66,13/01/2011 01:00,short,79.30925221799605,-3.5753631666184305,38.36743331941502,16.389999,34.75513428120068,False
67,13/01/2011 21:00,short,85.64292321924133,-2.3900136517557513,38.36743331941502,16.389999,34.75513428120068,False
68,19/01/2011 17:00,short,75.75970079476396,6.507564042627351,47.95933569353864,17.309998999999998,48.695652173913,False
69,24/01/2011 21:00,short,71.2741894948471,-1.0542981358589003,13.114836871916864,17.65,48.80952380952384,False
70,02/02/2011 01:00,short,82.34442836468925,19.457602546827523,25.868707234523043,17.299999,56.99999999999999,True
71,04/02/2011 01:00,long,26.07122982749172,-7.552187894028393,49.20630032746078,15.93,68.61413043478258,True
72,09/02/2011 21:00,short,77.48472177549112,15.355298759870713,49.81812680977738,15.87,63.129251700680136,True
73,14/02/2011 01:00,long,26.491024898668087,-4.401735036008461,62.807074669148896,15.95,74.3816254416959,True
74,16/02/2011 21:00,short,72.15277777777706,10.33828894907117,55.24696149597568,16.719998999999998,74.69458987783581,False
75,24/02/2011 13:00,short,77.35794635131346,10.291751853901104,28.5714683922902,21.32,44.72477064220195,False
76,03/03/2011 21:00,short,70.49717177731556,4.264558578143536,14.559572965681156,18.6,65.39682539682573,True
77,10/03/2011 13:00,long,25.89366176028723,-5.341769475142783,46.26874248136581,21.879998999999998,44.08396946564909,True
78,15/03/2011 21:00,short,70.82590612002332,6.553483343693458,44.93406179019973,24.32,44.56521739130449,False
79,20/03/2011 21:00,short,75.70406794814572,1.7484086715989378,42.45614995384219,24.440001000000002,23.43096234309617,True
80,24/03/2011 05:00,long,23.72372372372412,-8.022902962933813,43.47825359892629,18.0,33.79629629629632,True
81,06/04/2011 17:00,short,72.0441988950291,10.207150470739315,52.970352416539434,16.9,87.42138364779899,False
82,11/04/2011 01:00,short,71.41414141414324,-8.43056903555069,12.986877213078031,16.59,81.98198198198219,True
83,18/04/2011 13:00,long,23.736600306278348,-13.496333513419536,20.11176523825111,16.959999,46.88427299703277,True
84,20/04/2011 21:00,short,79.61664329125799,11.360244253847526,12.32880559205664,15.07,51.01010101010113,False
85,27/04/2011 21:00,short,71.4704555705916,8.318693263570786,10.14514072588841,15.35,31.896551724138206,True
86,06/05/2011 01:00,long,29.883769780143083,-1.8451639531534738,47.61906916101832,18.4,27.380952380952507,False
87,08/05/2011 21:00,long,12.908823922040597,-7.748816310068236,56.497146892655564,18.4,16.438356164383592,False
88,13/05/2011 05:00,long,28.510638297872887,-8.161194325141828,77.88467409390663,17.07,30.882352941176677,True
89,18/05/2011 05:00,short,72.48354862295957,3.941985656308944,89.21833755929566,16.23,42.51207729468631,True
90,23/05/2011 09:00,long,23.457702253417224,-8.699080016231761,71.68149189446547,18.27,57.894736842105516,True
91,25/05/2011 17:00,short,75.42448614834804,25.641562848781206,66.00798497076903,17.07,56.69781931464215,False
92,27/05/2011 13:00,short,73.30968280467474,7.837295766791868,35.71429108483895,15.98,43.853820598007104,False
93,01/06/2011 13:00,short,74.87872487872447,5.783581831486046,22.488027517690654,18.299999,21.93308550185911,False
94,05/06/2011 21:00,short,71.64081275944929,-3.3591872405507104,14.035103108627695,17.950001,25.3472222222225,True
95,09/06/2011 17:00,long,22.169466764061553,-16.673751086789878,23.100479207687485,17.77,32.50688705234188,False
96,12/06/2011 21:00,long,16.44028103044434,-0.16724203555935446,36.18789345551351,18.860001,30.026809651474608,False
97,16/06/2011 05:00,long,21.573301549463025,-10.956086371088091,64.38680246528084,22.73,36.16666666666667,True
98,20/06/2011 21:00,short,70.77254245395834,1.3665786126819057,66.25614161956508,19.99,41.409691629955866,True
99,23/06/2011 13:00,long,29.75006066488767,-8.019501873622183,71.57056523680528,19.290001,37.38819320214655,True
100,29/06/2011 01:00,short,72.6841448189763,8.009628044926359,54.48716579002695,17.27,53.15315315315312,False
101,30/06/2011 09:00,short,80.01283285210289,-8.669657687973654,52.14723299081718,16.52,48.684210526315795,True
102,06/07/2011 09:00,long,22.79351113555053,-13.39763433177204,50.4702056779538,16.34,64.79481641468685,False
103,11/07/2011 01:00,long,28.949044585987124,-2.318739163617181,42.39626027305074,18.389999,60.44776119403,False
104,11/07/2011 21:00,long,19.865864939870633,0.009184403578146316,42.39626027305074,18.389999,60.44776119403,True
105,14/07/2011 13:00,short,75.62568008705142,8.04093432433956,26.714758174828305,20.799999,65.33795493934164,True
106,18/07/2011 09:00,long,22.997711670480427,-15.625811698805492,41.1109086424252,20.950001,38.21989528795836,True
107,20/07/2011 13:00,short,71.85013262599324,2.3020694983045047,28.278683989539587,19.09,36.97270471464054,False
108,21/07/2011 21:00,short,83.40479192938106,8.364534280428984,21.495320115326706,17.559998999999998,47.08333333333365,True
109,28/07/2011 13:00,long,23.257655755016756,-24.377107721331264,25.935814006715546,23.74,50.250000000000306,False
110,15/08/2011 21:00,short,79.35404742436641,13.2125908417337,53.0302203858626,31.870001000000002,33.90022675736958,True
111,31/08/2011 17:00,long,26.55097613882684,-11.537852932503753,55.31907801418446,31.620001000000002,35.966386554621806,False
112,02/09/2011 01:00,long,24.515434314429683,4.751985249187626,68.60067583779214,33.919998,30.70301291248198,False
113,09/09/2011 13:00,long,25.79957356076808,-6.202117413656325,77.31706210588393,38.52,30.327868852459048,False
114,12/09/2011 01:00,long,13.046241856030463,-0.3577777673281304,74.79676162777143,38.59,17.338003502627075,True
115,15/09/2011 17:00,short,74.88620621412991,14.978954949374291,60.6593446202126,31.969998999999998,36.705202312138745,True
116,20/09/2011 01:00,long,20.589730554142946,-19.346444508542646,49.05220558823619,32.860001000000004,62.75071633237802,False
117,02/10/2011 21:00,long,23.582147729486806,-6.8850969718610315,67.91058996078618,42.959998999999996,38.89908256880742,False
118,04/10/2011 01:00,long,8.059636992220348,4.477241905220382,66.31865906804543,40.82,39.2592592592594,True
119,06/10/2011 05:00,short,70.13778484366634,12.343025018338722,55.9472351493132,36.27,55.555555555555856,False
120,10/10/2011 13:00,short,70.53242707448204,3.4303249723810865,41.8182776858924,33.02,80.60606060606099,False
121,12/10/2011 13:00,short,80.05836575875317,-0.5250780753045774,35.294201895548966,31.26,85.1162790697677,False
122,25/10/2011 01:00,short,76.43799472295514,7.64198427412974,11.2196913747063,32.220001,61.342592592592354,False
123,27/10/2011 17:00,short,74.872376630742,6.040294079148666,6.744965901709406,25.459999,72.84552845528444,True
124,31/10/2011 21:00,long,28.961091054954906,-14.568786269936915,16.853852206881697,29.959999,61.58301158301153,False
125,01/11/2011 13:00,long,3.9869952087622096,-0.44097894555295625,40.95752305921854,34.77,46.09826589595373,True
126,03/11/2011 21:00,short,72.48855697422239,12.785082754262,35.483911847824714,30.5,50.996015936254786,True
127,09/11/2011 21:00,long,28.039965986394705,-9.301000934724549,57.35853328578633,36.16,44.87750556792869,True
128,14/11/2011 05:00,short,76.68877425693863,7.81041722692305,58.07182262839937,31.129998999999998,44.13407821229042,True
129,16/11/2011 01:00,long,10.236220472440877,-26.673074040437037,63.04357234881054,33.509997999999996,42.979452054794415,False
130,01/12/2011 17:00,short,71.59420289855316,3.7370600414095065,53.380687934718864,27.41,55.501222493887376,True
131,12/12/2011 13:00,long,28.736740597877144,-4.106756830482226,33.333055554398356,25.67,58.64978902953588,False
132,13/12/2011 21:00,long,9.303391384051253,-11.071879243805256,50.769079289474966,25.41,53.358925143953925,True
133,21/12/2011 09:00,short,75.92520451889759,11.874571607502446,59.750896162197925,21.43,49.73821989528827,True
134,28/12/2011 17:00,long,21.995192307691426,-32.51010804566343,71.42851235242023,23.52,46.31379962192872,True
135,03/01/2012 17:00,short,73.78303198887326,8.652920464708686,54.33527648763984,22.969998999999998,52.24215246636845,True
136,05/01/2012 13:00,long,29.36055238667167,-8.643110616992608,74.09832905137148,21.48,63.20754716981239,False
137,09/01/2012 01:00,long,14.937518163322068,1.9398300050907835,85.21128719502117,21.07,37.74834437086168,True
138,18/01/2012 05:00,short,74.78260869565223,12.953644900397258,66.82344321103207,20.889999,40.32786885245895,False
139,19/01/2012 17:00,short,74.74630327631127,-1.0458034496466695,61.20682836648379,19.870001000000002,52.105263157894484,False
140,29/01/2012 21:00,short,78.30207703165766,14.174223150380328,25.074708843717985,18.530001000000002,45.39473684210512,True
141,01/02/2012 05:00,long,28.46927966101846,-7.303279053445877,11.5828705593092,18.549999,52.08333333333341,True
142,08/02/2012 09:00,short,70.26143790849912,3.9384138535142483,17.982351684721777,18.16,51.79704016913312,True
143,15/02/2012 17:00,long,20.748402798901907,-9.875597201095275,60.557778447987396,21.139999,61.48007590132846,True
144,24/02/2012 01:00,short,76.84501845018431,-4.1073625021966365,54.28568775504522,17.309998999999998,44.06332453825884,True
145,01/03/2012 13:00,long,26.30014858840549,-12.10099345298994,48.6206523185911,17.26,60.0,False
146,06/03/2012 17:00,long,21.390611160314123,2.0628800678815082,61.53847182915371,20.870001000000002,38.98305084745734,True
147,08/03/2012 21:00,short,76.56180770934662,14.08089167881409,49.86456650577263,17.950001,50.684931506848706,True
148,13/03/2012 09:00,long,28.82462686567075,-4.921277757554094,74.35238341968949,14.8,71.78841309823683,True
149,16/03/2012 17:00,short,70.63770147161893,8.351987185905585,65.25821199496364,14.47,78.98686679174506,False
150,26/03/2012 17:00,short,75.16923076923119,14.470078226856565,45.370248199418995,14.26,65.28117359413237,True
151,04/04/2012 05:00,long,21.927016645324713,-10.389854418643324,69.48354581327287,16.440001000000002,36.17511520737401,False
152,05/04/2012 17:00,long,15.562325463315261,3.1632632075191225,71.73909262766499,16.700001,31.717171717172377,True
153,13/04/2012 01:00,short,74.69879518072578,9.005682713417642,71.42850498323428,19.549999,46.98275862069019,True
154,02/05/2012 13:00,long,27.043031977889044,-8.118955063144995,26.70773928350043,16.879998999999998,50.52264808362371,False
155,07/05/2012 05:00,long,18.011323425338617,0.8576623734278428,48.57139387757566,18.940001000000002,42.15246636771281,False
156,14/05/2012 17:00,long,26.71933085502154,0.7129988785383006,99.99999999,21.870001000000002,36.078431372549176,False
157,16/05/2012 09:00,long,12.649640861931019,0.25459887872477793,99.99999999,22.27,33.09352517985624,False
158,24/05/2012 01:00,long,24.89892984542172,-6.995877976559939,96.5780858482352,21.540001,41.66666666666709,False
159,30/05/2012 13:00,long,22.2509225092291,-7.216373512353371,96.7392694551983,24.139999,25.668449197861065,True
160,05/06/2012 01:00,short,78.29587386782981,12.922544881849262,93.53439933862091,24.68,26.315789473684134,True
161,13/06/2012 05:00,long,19.555555555554434,-30.41916638580031,49.06361388150325,24.27,35.404896421845194,True
162,14/06/2012 05:00,short,71.63588390501539,7.5039553663063145,46.45382978723391,21.68,36.83241252301993,False
163,18/06/2012 05:00,short,72.17442895283334,3.7356103874330273,29.831828084394658,18.32,66.0066006600656,True
164,22/06/2012 01:00,long,24.224072672221354,-14.289440841295011,43.11918328977051,18.110001,59.68253968253907,False
165,01/07/2012 21:00,short,71.88295165394348,4.958884729876786,37.42504464087881,17.08,68.37060702875303,True
166,05/07/2012 17:00,long,16.185737976781837,-1.1475953565513777,41.254106460038244,17.5,74.04844290657354,False
167,09/07/2012 01:00,long,7.826649417852067,5.831797423001319,39.19609605882286,17.98,59.999999999999176,False
168,23/07/2012 01:00,long,17.61363636364183,-11.249814167841606,66.25022656391612,18.620001000000002,45.588235294118284,True
169,26/07/2012 21:00,short,71.9509372830336,3.4311784082868257,40.000103448275894,17.530001000000002,47.95081967213149,True
170,03/08/2012 01:00,long,28.17460317460349,-2.7582937157409475,38.9027708160329,15.64,67.68292682926834,True
171,06/08/2012 05:00,short,70.08749113265489,8.961485770725055,29.203578980158298,15.95,74.06483790523686,True
172,09/08/2012 17:00,long,22.965116279070315,-8.976962085496254,31.284903873200463,15.28,85.39999999999982,True
173,22/08/2012 01:00,short,76.10679283541897,8.077728348587542,38.42793405918705,15.11,66.95278969957066,False
174,28/08/2012 01:00,long,27.745664739886323,-11.2381482097557,28.813318011247375,16.49,50.9186351706034,True
175,30/08/2012 09:00,short,70.45313469894468,8.948159574566155,36.12138154242565,17.83,39.782016348773965,True
176,31/08/2012 01:00,long,28.78338278932077,-8.757280841128782,26.98934148192285,17.469998999999998,19.364161849711024,True
177,04/09/2012 01:00,short,70.07805724197641,11.570922225510266,22.881104207601098,17.98,12.203389830508868,False
178,07/09/2012 17:00,short,89.99426605504279,7.2424930054014,18.74974826353956,14.38,32.820512820513414,False
179,13/09/2012 09:00,short,86.49411764705616,-2.509157972968964,9.687415331952153,14.05,60.00000000000021,False
180,14/09/2012 17:00,short,87.88071065989814,0.7948418296078614,9.337259036144857,14.51,73.41176470588273,True
181,19/09/2012 01:00,long,28.367234744369284,-10.695265255634986,7.973347534869575,13.88,78.90410958904094,False
182,25/09/2012 21:00,long,26.838235294118462,-5.333239064856073,25.833567012233928,15.43,61.44200626959244,True
183,28/09/2012 13:00,short,70.43795620437724,9.323326692029354,47.368513388573184,15.73,41.71779141104264,True
184,09/10/2012 17:00,long,27.882599580714512,-5.119881808865188,57.142787172097435,16.370001000000002,49.99999999999936,True
185,12/10/2012 09:00,short,70.7760711398556,11.093671492745386,44.01708378988703,16.139999,59.148936170212636,False
186,17/10/2012 17:00,short,81.3226452905802,-6.240379919503312,27.46774466288005,15.07,74.02234636871513,True
187,19/10/2012 17:00,long,28.444707273796,-10.794047051456502,39.015090536019216,17.059998999999998,65.85956416464936,False
188,31/10/2012 09:00,short,70.28542303771849,15.329966467562386,58.98871070586874,18.6,57.17884130982398,True
189,02/11/2012 17:00,long,19.6386488609581,-13.276480290332856,70.20399566857682,17.59,61.0983981693366,False
190,09/11/2012 17:00,long,25.918153200423703,3.348955187644691,91.01788805608619,18.610001,40.19851116625335,True
191,15/11/2012 13:00,short,77.36877982276556,11.326332881442596,87.78606782879964,17.99,39.35742971887584,False
192,23/11/2012 13:00,short,81.95876288659838,19.783494441844127,93.74964062589812,15.14,31.4049586776855,True
193,28/11/2012 13:00,long,29.72972972972822,-6.8235932996377855,81.35478600435208,15.51,47.50000000000017,True
194,04/12/2012 21:00,short,73.31314878892964,9.433412380361148,31.57889196639495,17.120001000000002,49.37500000000031,True
195,06/12/2012 17:00,long,29.773584905660883,-26.480017399816084,62.31900336087483,16.58,42.24598930481261,True
196,12/12/2012 05:00,short,82.78388278387735,18.181691264109816,49.99999999999962,15.95,54.621848739496976,False
197,16/12/2012 21:00,short,79.39001848428603,0.1149255474861377,43.6170676777312,17.0,66.10878661087898,False
198,23/12/2012 21:00,long,27.862318840580798,-10.706024263400472,34.33724597215031,17.84,70.47619047619061,True
199,27/12/2012 01:00,short,97.35915492958358,42.70283563911676,27.333435999383937,19.469998999999998,56.410256410256814,True
200,03/01/2013 21:00,long,29.775429326288275,-5.083834515345686,77.30501282621438,14.56,63.30275229357748,True
201,10/01/2013 21:00,short,71.23670956910935,7.480247765549258,57.067972917220956,13.49,67.2240802675588,False
202,14/01/2013 09:00,short,87.54892367906072,-5.003442496268562,52.15301847467649,13.52,73.09090909090966,True
203,16/01/2013 13:00,long,27.756913622395487,-5.664661493420468,57.26503031618737,13.42,66.11842105263207,True
204,25/01/2013 09:00,short,70.12937595129698,9.328585046697633,42.55322770487466,12.89,66.34615384615459,False
205,30/01/2013 21:00,short,81.32863613487568,2.12509631186731,48.170790452183695,14.32,74.621212121212,True
206,07/02/2013 17:00,long,29.574350469876237,-36.738646877605504,46.153673190919484,13.5,70.86092715231753,True
207,13/02/2013 01:00,short,77.88461538461134,10.039689500919351,44.97023983867566,12.98,67.17557251908323,True
208,15/02/2013 01:00,long,29.139922978180053,-5.219682933153649,74.40448519270956,12.46,58.98437499999905,True
209,20/02/2013 09:00,short,74.06082289802681,4.980704203666775,86.97647917916677,14.68,58.60465116279034,True
210,21/02/2013 13:00,long,27.986633249790657,-2.1515116614009315,88.8886684314725,15.22,48.461538461538645,False
211,04/03/2013 05:00,long,24.649629018960795,-8.586309622382615,88.31154776051252,14.01,19.87179487179654,False
212,19/03/2013 21:00,long,28.84128529698141,-7.255251953806081,58.54537031380461,14.39,61.414790996784674,False
213,01/04/2013 17:00,short,73.46094154164271,13.697627932175813,48.52911764705879,13.58,18.292682926829798,True
214,04/04/2013 09:00,long,27.188655980270468,-17.406905938124602,37.254714853873615,13.89,21.338912133891952,True
215,05/04/2013 13:00,short,75.5487635454295,5.724083842124145,37.999781334208315,13.92,8.000000000000668,False
216,19/04/2013 01:00,long,28.416485900215434,-7.8769503932203975,43.973908794788265,14.97,31.395348837209355,True
217,30/04/2013 01:00,short,75.89339794064456,19.629365610154892,44.79502005209456,13.52,40.145985401462106,False
218,09/05/2013 01:00,short,70.46004842614865,10.846314520570651,47.868866756262406,13.13,64.17445482866108,True
219,10/05/2013 17:00,long,26.280409731112456,-10.932759540585948,54.848460422376256,12.59,71.81372549019655,False
220,22/05/2013 09:00,short,71.73913043478393,8.18140196543279,85.18511088257932,13.82,72.59414225941427,True
221,28/05/2013 17:00,long,28.742514970061947,-22.20685211854834,71.36128810541906,14.48,61.32075471698096,True
222,30/05/2013 17:00,short,71.26400996263922,8.022170200028874,46.62576084912657,14.53,59.2705167173252,False
223,06/06/2013 21:00,short,80.11011699931004,-1.4962807753754959,23.49857467139644,16.629998999999998,53.418803418803826,False
224,20/06/2013 09:00,long,27.333122429609617,-2.813423278693435,39.52249273540155,20.49,66.48648648648648,False
225,26/06/2013 17:00,long,27.855153203339682,-4.967603908254347,69.25367859197212,17.209999,70.65767284991534,False
226,07/07/2013 21:00,long,26.794945433659734,-5.3706596618830105,98.23817986221934,14.89,64.89361702127633,True
227,11/07/2013 01:00,short,74.07883461867956,6.47508629204026,47.9108431808565,14.01,26.453488372092977,False
228,24/07/2013 01:00,short,76.37690776377158,-5.896354898184512,31.02631882929002,13.18,48.997772828507365,False
229,08/08/2013 17:00,short,86.98224852071,2.345377012329976,36.388184334728706,12.73,50.9513742071882,True
230,13/08/2013 01:00,long,17.631403858945873,-15.065355400313408,48.466265949076295,12.31,57.395143487858356,True
231,21/08/2013 01:00,short,81.4471243042707,18.515238815620812,37.192916343420414,15.94,66.66666666666637,True
232,22/08/2013 21:00,long,26.89701897019023,-19.576852161215527,44.890394000575135,14.76,69.9331848552336,False
233,30/08/2013 17:00,long,6.6882416396980915,-0.32533302093563066,56.7942611906679,17.01,49.53271028037425,True
234,09/09/2013 21:00,short,76.17554858934358,10.381324762627798,57.499827083477456,15.63,44.34180138568171,False
235,19/09/2013 01:00,short,86.05283605283606,12.840348640953067,22.932333936339816,13.16,46.50698602794411,True
236,24/09/2013 13:00,long,25.039246467818145,-5.026729026998922,19.767570983639928,14.08,25.123152709359545,True
237,03/10/2013 05:00,short,72.15258855585583,6.377512568016186,21.18644067796636,17.67,23.529411764705344,True
238,09/10/2013 17:00,long,25.353016688062468,-10.577476585481179,53.731412341175655,19.6,42.6573426573417,True
239,14/10/2013 13:00,short,71.46763901549707,10.373111652311131,61.9403090888602,16.07,74.85380116959047,False
240,22/10/2013 17:00,short,73.41523341523555,5.541124151574081,34.61519600537265,13.33,26.031746031745328,True
241,29/10/2013 13:00,long,28.721017202690703,-12.003252174691347,31.68305607315645,13.41,19.484240687678664,False
242,31/10/2013 21:00,long,17.524644030665897,-0.45961973853385985,41.772014634580685,13.75,20.845070422534846,False
243,08/11/2013 17:00,long,28.226281673537798,-5.328884701239048,88.43288023513512,12.9,82.45192307692355,True
244,13/11/2013 01:00,short,78.76304023844801,23.88053371103259,83.4460079209486,12.52,76.90476190476214,False
245,03/12/2013 01:00,long,28.42673869007116,-4.292155319141287,32.335273046923106,14.55,58.11320754716987,True
246,06/12/2013 17:00,short,70.06651884700709,5.879736100666335,28.795625119437858,13.79,67.25663716814198,True
247,19/12/2013 05:00,long,27.47440273037573,-4.471298627089169,59.60246173326659,14.15,72.3860589812336,True
248,27/12/2013 01:00,short,85.30805687204729,19.933379869460282,79.46405452847537,12.46,68.72586872586852,False
249,02/01/2014 01:00,long,25.996533795494685,-18.07681263541933,88.88879012323814,14.23,56.70498084291133,False
250,05/01/2014 21:00,long,14.891736632789488,-0.7608411656325842,90.66672711115217,13.76,66.66666666666617,True
251,12/01/2014 21:00,short,72.22222222222271,8.813577821436944,71.515108172662,12.14,39.99999999999979,True
252,16/01/2014 17:00,long,23.16677482154327,-8.038898937322017,77.67457847537176,12.53,41.990291262136246,True
253,23/01/2014 17:00,short,75.32188841201769,5.607602697731309,51.984255480581815,13.77,32.9621380846326,True
254,30/01/2014 17:00,long,28.908554572270788,-2.5521195850321874,64.11295086534957,17.290001,28.720626631854103,True
255,06/02/2014 17:00,short,70.91152815013324,23.453901031489536,50.243781558065464,17.23,41.927710843373454,False
256,18/02/2014 21:00,short,72.35701906413038,-1.9379043847082187,13.559557596594843,13.87,79.99999999999947,True
257,26/02/2014 17:00,long,26.506024096385786,-20.561424583966172,45.73646054908244,14.35,52.67175572519138,True
258,06/03/2014 17:00,short,71.34857676154752,14.832996025005016,34.054066617874824,14.21,59.621451104101595,False
259,12/03/2014 09:00,long,21.739130434787768,-12.05503239163383,23.563367022872455,14.47,54.520547945206154,True
260,13/03/2014 05:00,short,72.78393351800506,11.801274558465458,24.852264275203012,16.219998999999998,51.15681233933213,True
261,20/03/2014 01:00,long,23.804573804572883,-8.562813228826158,52.046753189033126,14.52,55.142857142857764,True
262,24/03/2014 21:00,short,71.9505008839109,32.29434042545734,65.89170182186905,15.09,34.05797101449322,True
263,27/03/2014 05:00,long,29.908675799086183,-20.55656776960501,69.65547538686243,14.62,29.721362229102482,True
264,01/04/2014 17:00,short,78.29614604462915,15.121023295035407,89.91641974665478,13.1,61.870503597122806,True
265,03/04/2014 17:00,long,19.852941176473266,-22.160611582487427,92.30801775398317,13.37,68.13880126182995,True
266,08/04/2014 13:00,short,79.46058091286628,11.581323946917436,54.23724935360108,14.89,44.20289855072462,True
267,15/04/2014 09:00,long,25.622775800708496,-4.812006807984574,36.805434992451225,15.61,33.200000000000315,True
268,02/05/2014 09:00,short,70.13677811550309,1.1016247871547762,28.168732394366117,12.91,41.54929577464702,True
269,08/05/2014 21:00,long,24.92725509214091,-9.197373987975709,35.93727539202885,13.43,14.611872146118415,False
270,13/05/2014 21:00,long,22.751677852341558,5.594259958801985,63.24318918918933,12.13,23.83177570093484,False
271,10/06/2014 05:00,long,25.53729456384542,-11.50803280045455,48.24594029389828,10.99,55.26315789473716,True
272,19/06/2014 21:00,short,72.90049400140944,8.739003318180437,36.56696368602501,10.62,53.90624999999922,False
273,03/07/2014 01:00,long,29.039812646373093,-20.03832607180449,33.69601252166983,10.32,48.148148148148536,False
274,09/07/2014 09:00,short,72.09302325580525,7.341065031266652,32.91131229050724,11.65,41.46341463414713,True
275,16/07/2014 09:00,long,29.342202512938783,-3.991130820399519,76.53037796823031,11.0,50.909090909091205,False
276,30/07/2014 13:00,long,25.192307692313236,-7.073702159914504,96.85030752041206,13.33,48.82943143812741,True
277,03/08/2014 21:00,short,78.29293993678411,15.273431879100492,84.90599501696687,17.030001000000002,53.23741007194267,True
278,06/08/2014 01:00,long,17.583497053043985,-13.831597286581328,81.95538753386319,16.370001000000002,48.601398601398714,False
279,25/08/2014 01:00,long,29.553903345722432,0.1969601956795941,77.95268770467656,11.7,33.701657458564625,False
280,04/09/2014 17:00,long,19.24050632911566,-6.940596033091381,83.52068159235398,12.64,50.27932960893888,False
281,25/09/2014 05:00,long,24.816176470595195,-9.285765276984435,71.73000089029726,15.64,58.40978593272126,False
282,30/09/2014 17:00,long,28.769559032717098,8.38005187850328,80.79489561899784,16.309998999999998,46.37096774193532,True
283,07/10/2014 21:00,short,72.52861602497536,19.72861602497376,85.36593354290272,17.200001,30.67010309278359,False
284,16/10/2014 01:00,short,70.52186177715122,3.1544029106058673,56.989308879589274,25.200001,20.342205323193937,True
285,22/10/2014 21:00,long,28.446389496715057,-4.272164542384161,61.682367601246206,17.870001000000002,33.333333333333584,True
286,27/10/2014 09:00,short,70.09602194786653,1.0885945339652068,61.25019479215415,16.040001,50.62344139650905,True
287,30/10/2014 09:00,long,28.373930217250646,-4.618022964899964,64.08474261158959,14.52,66.41975308642003,False
288,07/11/2014 01:00,long,24.439858490563637,-7.030729744731332,74.2859167360248,13.12,66.28787878787922,True
289,17/11/2014 05:00,short,71.54779969651402,8.262960492833443,50.9652903206882,13.99,23.776223776222906,True
290,21/11/2014 17:00,long,25.523686754753655,-8.607460786228827,54.99991666694494,12.9,25.94339622641455,True
291,26/11/2014 05:00,short,75.13586956522232,7.255345833629676,41.53844911246424,12.07,15.000000000000085,True
292,03/12/2014 13:00,long,24.17770183682822,-5.846032340392398,65.45447669443982,12.5,42.98245614035014,True
293,10/12/2014 17:00,short,76.24309392265681,10.034012613253878,51.09033792376016,18.530001000000002,38.019169329073556,False
294,18/12/2014 17:00,long,25.072349381741247,-5.364592028387193,59.5121342061422,16.809998999999998,44.9074074074077,False
295,30/12/2014 01:00,long,28.48219862586062,1.0884129568662644,76.85571404117331,15.92,71.69811320754782,False
296,04/01/2015 21:00,long,2.322134387351909,-0.7966446438361174,93.44251330323488,17.790001,67.05882352941191,False
297,08/01/2015 05:00,long,26.457213724677757,-7.202117978658649,92.2177886121284,17.01,48.15950920245392,False
298,15/01/2015 21:00,long,26.52649769584967,7.354802687622225,76.92309285390164,22.389999,15.012106537530542,False
299,22/01/2015 21:00,long,22.219541616404456,-3.5230326410200803,80.533367324572,16.4,41.70305676855887,False
300,23/01/2015 17:00,long,26.202000645368358,11.601552549777068,83.37133270387082,16.66,41.431670281995565,False
301,26/01/2015 01:00,long,21.660551705392677,1.6056066504487347,79.26137122292167,15.52,33.07692307692275,True
302,28/01/2015 05:00,short,70.4545454545433,13.35812075248716,74.99992476836198,20.440001000000002,28.73051224944284,False
303,03/02/2015 21:00,short,81.564844587353,11.136564505777585,61.14641297168373,17.33,46.26556016597496,True
304,10/02/2015 05:00,long,29.802186361269804,-9.108499076070927,56.589142479440554,17.23,65.04854368932048,True
305,12/02/2015 17:00,short,72.70519669742441,21.89328871366326,57.34597785313275,15.34,64.79690522243737,True
306,27/02/2015 05:00,long,28.074866310158058,-7.743803537736895,54.82860016903353,13.34,44.21364985163235,False
307,04/03/2015 21:00,long,25.33967391304573,-5.16933652009115,76.13628099223692,14.23,45.535714285714675,False
308,08/03/2015 21:00,long,13.948870687513747,-0.365953561083586,84.05053754239901,15.2,67.04871060171966,False
309,10/03/2015 21:00,long,16.642371234208895,0.12042236783048565,90.06206807882162,16.690001000000002,53.768844221106114,False
310,11/03/2015 21:00,long,2.761760242790018,0.06386519387423562,92.01326984157654,16.870001000000002,51.5662650602416,True
311,18/03/2015 05:00,short,72.05683355886359,7.842181765070563,75.97847020739945,13.97,41.5909090909096,False
312,19/03/2015 01:00,short,78.92720306513387,-1.9164501856398175,78.42645765154438,14.07,39.953271028037825,False
313,25/03/2015 17:00,short,70.94562647754289,-0.3370338549993903,56.944561342689894,15.44,20.28985507246395,True
314,30/03/2015 17:00,long,25.16416510318639,-7.562709074804033,31.03451843057215,14.51,34.83146067415754,True
315,02/04/2015 17:00,short,71.30481862479616,15.13243001997732,30.632427275912647,14.67,35.63432835820933,False
316,07/04/2015 21:00,long,23.720418271877534,-23.172486091278344,57.33336666666654,14.78,44.959128065395724,False
317,09/04/2015 21:00,long,19.050694220214638,-0.7423631896682963,70.43883582501786,13.09,53.24074074074102,False
318,13/04/2015 17:00,long,24.19509085112813,10.185429015382795,71.31364215940174,13.94,36.9963369963367,True
319,24/04/2015 09:00,short,73.02338530066638,11.304635300669958,32.119819477206335,12.29,48.109965635738966,False
320,29/04/2015 13:00,short,77.04304429195273,4.333366872595661,3.5998893597121793,13.39,56.62650602409698,False
321,29/04/2015 21:00,short,83.39230950695625,-3.887863945222648,3.5998893597121793,13.39,56.62650602409698,False
322,01/05/2015 13:00,short,79.88587731811552,2.6894311187095497,17.391281147968016,12.7,72.00000000000084,True
323,11/05/2015 01:00,long,27.491408934710265,-10.824263123294415,27.86895693332032,13.85,76.80412371134034,True
324,13/05/2015 17:00,short,72.9467509025246,3.0875251609490704,21.690688679592782,13.76,75.4716981132079,True
325,19/05/2015 09:00,long,27.3403324584433,-7.910654569194222,35.08056841843778,12.85,39.65517241379355,False
326,31/05/2015 21:00,short,82.13667820069118,23.565707358015374,64.7974933278676,13.84,19.75308641975343,False
327,03/06/2015 17:00,short,82.0710696338837,15.363148841803621,44.731200323785956,13.66,66.66666666666733,True
328,12/06/2015 09:00,long,24.260355029585767,-13.110905392187952,27.895967897887587,13.78,65.48042704626337,True
329,17/06/2015 21:00,short,74.24114671163636,16.64656737792791,29.39917193168573,14.5,64.11149825783968,True
330,23/06/2015 13:00,long,27.370742465084703,-2.92489084112907,50.75978769591954,12.11,45.51886792452822,False
331,29/06/2015 01:00,long,23.332269390361475,3.544966779984378,57.446779085464684,18.85,53.351206434315735,True
332,10/07/2015 13:00,short,75.22100187516857,5.628628436641051,62.70394254538762,16.83,74.90706319702625,True
333,14/07/2015 21:00,long,26.693128256015754,-12.722028251399394,60.40092731829628,13.37,69.95305164319318,False
334,16/07/2015 17:00,long,25.821895946374482,-1.2797351703114686,68.46304544606315,12.11,62.89308176100686,True
335,22/07/2015 05:00,short,72.10485133020171,5.522481388010547,53.36317189166612,12.12,50.95693779904297,False
336,27/07/2015 13:00,short,70.42253521126817,-2.5350328697968365,53.48837054778039,15.6,1.0752688172036926,True
337,30/07/2015 01:00,long,21.92099147946938,-12.94463794060988,69.35072180838212,12.13,24.423963133639447,False
338,12/08/2015 17:00,short,72.73314667240604,3.2248020625763445,50.60977301462005,13.61,38.06306306306276,True
339,18/08/2015 05:00,long,23.97563676633891,-7.129014396457308,42.570211931981866,13.79,53.3642691415313,True
340,20/08/2015 13:00,short,70.33279220778321,6.599564109922362,18.960114935919947,19.139999,35.06224066390031,False
341,21/08/2015 09:00,short,84.11272839888127,-8.639952784086091,14.18261320025644,28.030001000000002,24.61538461538474,False
342,24/08/2015 01:00,short,91.25724363819546,-0.2710766743039841,15.691408018204612,40.740002000000004,30.939226519337083,False
343,24/08/2015 17:00,short,89.92954828015075,-3.796606870336703,15.691408018204612,40.740002000000004,30.939226519337083,True
344,27/08/2015 05:00,long,26.445993031357546,-8.45995824832066,46.54303541315338,26.1,65.22727272727207,False
345,27/08/2015 21:00,long,28.753698224852215,4.820126098509149,46.54303541315338,26.1,65.22727272727207,False
346,03/09/2015 17:00,long,26.984588543178432,-1.3770584478925372,58.75007363270902,25.610001,51.81598062954,True
347,08/09/2015 05:00,short,71.90786179268862,6.839368642005738,84.68470010547261,24.9,68.81028938906823,False
348,13/09/2015 21:00,short,81.44297416509386,10.795256209368503,58.33349074004102,23.200001,34.93449781659427,True
349,16/09/2015 09:00,long,26.6699410608972,-12.689969101927005,46.178507950753115,21.35,56.06060606060597,True
350,18/09/2015 09:00,short,71.39616935484057,2.6720029178033684,46.07346577626783,22.280001000000002,38.947368421052545,True
351,22/09/2015 05:00,long,21.52932442464669,-18.00156802386533,38.76232002454696,22.440001000000002,34.30962343096205,True
352,08/10/2015 09:00,short,72.63858093126508,4.757269114499948,30.46873474120018,17.42,48.18481848184836,False
353,14/10/2015 21:00,short,75.60620756546467,8.711470723364954,14.662773797975944,18.030001000000002,23.93939393939374,True
354,19/10/2015 05:00,long,29.413960433002373,-7.843657295532516,22.413846611141054,14.98,45.27559055118101,False
355,22/10/2015 17:00,long,8.906134515889235,-12.723432892760883,55.584430021930224,14.45,49.068322981366435,False
356,25/10/2015 21:00,long,9.109874826144846,-0.18530019750464533,64.90829591362595,14.46,46.579804560260484,True
357,02/11/2015 05:00,short,75.89641434262208,33.67816747321698,76.96072772495499,14.15,71.51162790697612,True
358,04/11/2015 05:00,long,28.17904374363873,-6.320470347708181,81.5685686274508,15.51,74.67700258397893,False
359,08/11/2015 21:00,long,13.552068473603399,-3.921539098285322,82.24107071504082,14.33,87.03241895261789,False
360,24/11/2015 01:00,long,25.42446669569904,-12.28462421339605,47.84035098968396,15.93,24.358974358971864,True
361,03/12/2015 17:00,short,78.37524177949201,13.799829865684032,28.59916346189621,18.110001,61.949685534590664,False
362,10/12/2015 01:00,short,87.08333333332787,-1.8468301139209444,31.64548309554847,19.34,55.86734693877539,True
363,17/12/2015 01:00,long,27.74806892453975,-14.538630299822259,44.514433305859534,18.940001000000002,54.563106796116216,True
364,22/12/2015 01:00,short,76.51673640167189,12.546469676706046,48.066245942915536,16.6,40.43715846994491,True
365,31/12/2015 13:00,long,29.569160997732638,-4.983038260349915,65.35804041860612,18.209999,58.938547486033016,False
366,06/01/2016 13:00,long,28.881987577635115,-5.313414721210108,62.61686959577463,20.59,53.90070921985783,True
367,07/01/2016 21:00,short,81.69550173010231,17.825299909763814,43.22580291362156,24.99,49.67320261437869,True
368,13/01/2016 09:00,long,26.62889518413739,-5.773553170875218,59.602556028183585,25.219998999999998,25.525525525525353,True
369,15/01/2016 17:00,short,76.78231033167464,7.693117316109422,56.86891751445965,27.02,10.057471264368601,True
370,22/01/2016 13:00,long,29.607250755284667,-8.657455127068083,50.76324602270094,22.34,27.35042735042643,True
371,27/01/2016 05:00,short,70.41564792176753,9.03672415494767,56.11096481432667,23.110001,30.38348082595749,False
372,03/02/2016 21:00,short,91.61524500907582,0.9072804073041425,38.600428893905374,21.65,25.95870206489586,False
373,10/02/2016 01:00,short,71.33741026322727,10.179443543372457,29.02094686779519,26.290001,8.362369337979445,True
374,15/02/2016 13:00,long,29.689754689754295,-0.3248332022941014,21.681463113749686,25.4,34.870317002882004,False
375,22/02/2016 17:00,long,26.46586345381145,-0.7880654130160138,34.24673859936716,19.379998999999998,47.23127035830566,False
376,29/02/2016 17:00,long,24.44444444444005,-0.8693630869365734,67.53931388912795,20.549999,43.08943089430758,True
377,04/03/2016 01:00,short,73.89319945230423,6.686889780239426,44.83984903941474,16.860001,58.85416666666637,True
378,10/03/2016 13:00,long,24.388771506190807,-13.05330449010836,32.75857312725638,18.049999,70.37037037036997,True
379,17/03/2016 01:00,short,72.93046357615458,3.478354786245532,5.85460798826773,14.44,58.88888888888874,False
380,17/03/2016 21:00,short,79.3636894337412,-2.309852110158147,5.85460798826773,14.44,58.88888888888874,True
381,22/03/2016 01:00,long,26.352067868500924,-8.686173049276263,21.817972135973704,14.17,49.21630094043904,False
382,28/03/2016 21:00,short,70.76167076166803,3.597491657201971,38.888672838165476,15.24,35.86497890295365,False
383,30/03/2016 13:00,short,87.61375126391323,-3.9798536870990233,26.84706781225333,13.56,20.3065134099607,False
384,13/04/2016 13:00,long,27.124183006530245,-8.41503267973907,35.61154727997824,13.84,36.65768194070013,True
385,18/04/2016 17:00,short,71.41791044776728,2.708760120964726,63.63617252174708,13.35,44.78114478114481,True
386,22/04/2016 17:00,long,28.788329860076743,-4.120998254729514,69.25563096336472,13.22,66.26506024096406,True
387,27/04/2016 01:00,short,77.9930795847724,15.586631686095544,64.30780657981059,13.77,64.89675516224318,False
388,01/05/2016 21:00,short,79.50687146321175,4.034362872154844,31.5789998542933,15.7,50.52631578947497,False
389,03/05/2016 13:00,short,77.80889044452174,-13.371815099035558,38.978691901116115,15.6,44.859813084112915,True
390,05/05/2016 17:00,long,8.605614358031659,-21.98262093608534,56.543315104508736,15.91,36.813186813187905,False
391,15/05/2016 21:00,long,24.973544973543625,0.5598989181009415,65.56886326149937,15.04,19.69696969696986,False
392,19/05/2016 17:00,long,29.424231720237515,4.650135334696827,84.24440183627364,16.33,52.3391812865505,False
393,01/06/2016 13:00,short,71.08922363847151,4.113710733110722,63.04336105809137,14.2,71.22807017544048,False
394,05/06/2016 21:00,short,76.16946160636009,0.42822171417167,30.177319946318818,13.47,25.333333333334338,True
395,10/06/2016 13:00,long,29.35294117647527,-3.589549052448703,35.35102967137887,17.030001000000002,15.740740740741785,False
396,20/06/2016 21:00,short,71.25925925925891,14.936074247549747,60.384437574374914,18.370001000000002,28.421052631580366,True
397,24/06/2016 05:00,long,28.641760787721097,-23.71398299205662,76.32092183314525,25.76,31.690140845071483,True
398,29/06/2016 21:00,short,76.86935086277037,18.446024728866625,59.342804118443745,16.639999,40.42553191489414,True
399,19/07/2016 13:00,long,27.203918076580322,-9.317821053855091,66.66693121609171,11.97,70.31250000000104,True
400,27/07/2016 21:00,short,74.15074309978688,20.535795902386496,63.38600145748422,12.83,61.53846153846169,False
401,01/08/2016 09:00,short,74.0779768177027,-9.23604403977538,36.156363568847965,12.44,14.673913043479018,True
402,04/08/2016 17:00,long,25.67365269461193,-13.579296191362388,33.587769360755615,12.42,30.416666666666586,True
403,10/08/2016 05:00,short,71.34900990098525,5.442799508087845,26.34037660078441,12.05,35.61253561253571,False
404,16/08/2016 17:00,short,73.18752531389444,-4.510887384518128,36.02158602150527,12.64,55.35248041775504,True
405,29/08/2016 17:00,long,28.605294350060987,-1.4372917900872721,48.79738914268813,12.94,80.09950248756337,True
406,07/09/2016 01:00,short,71.83783783784014,11.06966225484802,81.97408848986272,11.94,96.96969696969354,True
407,18/09/2016 21:00,long,29.372738238842203,-1.2369412080457352,74.73324552728279,15.37,82.74647887323792,True
408,23/09/2016 13:00,short,73.66702937975312,10.476205604991911,68.0703045860722,12.29,61.79104477611685,True
409,07/10/2016 01:00,long,26.75304878048904,-18.106764303620132,72.83894834241113,13.48,64.08450704225382,False
410,13/10/2016 01:00,long,8.652148322539333,0.13534646854516552,67.61876508313341,16.690001000000002,69.31034482758733,False
411,21/10/2016 13:00,long,20.844612885761464,0.32222482606081826,77.61706447481176,13.34,64.62264150943317,True
412,30/10/2016 21:00,short,72.02133965620204,15.471298972707423,71.42847248015761,16.190001000000002,81.11111111110773,False
413,02/11/2016 21:00,short,82.13831141281173,-4.833835936693177,40.20984608047327,19.32,56.603773584901184,True
414,09/11/2016 01:00,long,27.984550561797846,-8.057116104866488,33.88168715345378,14.38,83.29297820823024,True
415,09/11/2016 05:00,short,71.18644067796129,43.20189011616344,33.88168715345378,14.38,83.29297820823024,True
416,11/11/2016 13:00,long,8.819316554123546,-33.78469972097843,50.2203103111025,14.17,85.71428571428571,False
417,14/11/2016 13:00,long,20.42971595047524,9.577002772178929,34.471058020477244,14.48,82.6086956521724,False
418,17/11/2016 21:00,long,25.136986301367727,0.2893221172124072,56.46693041034408,13.35,82.44444444444284,True
419,28/11/2016 01:00,short,74.77224947441803,24.88460902498057,90.30830891332104,13.15,87.15953307392937,False
420,07/12/2016 09:00,short,74.68197331678385,12.551640943060256,49.52968593064088,12.22,59.402985074627,True
421,08/12/2016 17:00,long,27.125634517760787,-22.16043145958227,60.04953358479812,12.64,63.73333333333328,True
422,14/12/2016 01:00,short,72.77694982611945,5.647549726976877,70.36245438962939,13.19,72.49417249417213,True
423,15/12/2016 13:00,long,23.607805806757455,-6.599258748660333,81.73432728313966,12.79,78.54077253218858,True
424,22/12/2016 17:00,short,72.44623655914062,8.275444479933853,84.00901352366368,11.43,79.05604719764064,True
425,28/12/2016 13:00,long,29.098966026581138,-14.150210702279061,83.22792200764405,12.95,62.91666666666754,True
426,05/01/2017 17:00,short,71.79829242262089,19.81644673427502,13.649993219602536,11.67,13.05970149253831,False
427,18/01/2017 05:00,short,71.9239904988068,2.442577006379807,35.38464536482931,12.48,57.14285714285544,True
428,26/01/2017 17:00,long,25.99388379205199,-7.78989999173352,47.99981599993856,10.63,89.52380952380905,True
429,01/02/2017 21:00,short,79.72858354537118,19.424295855195552,49.84787197050944,11.81,79.27170868347231,True
430,06/02/2017 17:00,long,28.77772047447273,-9.617172366382079,45.851470223476326,11.37,67.76859504132167,False
431,13/02/2017 05:00,long,29.664179104486948,3.589360567347768,57.60373972694795,11.07,51.00000000000121,True
432,17/02/2017 01:00,short,75.56306306306922,13.74823118835058,70.32971098502978,11.49,50.689655172414646,True
433,21/02/2017 01:00,long,28.17610062892504,-13.263588087024395,67.59998927996955,11.57,47.54716981132105,True
434,10/03/2017 17:00,short,79.98915401301753,13.137888190234975,46.686708974188704,11.66,65.02732240437085,True
435,15/03/2017 05:00,long,28.66756393001151,-4.413244150794952,42.757052362812935,11.63,65.20547945205364,True
436,16/03/2017 21:00,short,74.69045884923729,7.671191754410671,38.60756275697606,11.21,68.47826086956488,False
437,27/03/2017 17:00,short,72.50499001996366,-4.373316858344907,15.809018840690996,12.5,14.28571428571469,True
438,29/03/2017 17:00,long,24.720670391067898,-6.906386281697635,35.49304947382072,11.42,23.151125401930145,False
439,07/04/2017 13:00,long,28.817541111985776,-1.5956820285134654,91.1623530593712,12.87,62.49999999999911,True
440,12/04/2017 21:00,short,75.36148062464287,19.25398876796359,84.05161359287912,15.77,45.77777777777673,True
441,17/04/2017 05:00,long,28.290766208244648,-27.526065474917424,54.61513964572472,14.66,18.499999999998607,True
442,18/04/2017 09:00,short,71.10609480812437,5.371829073857626,34.803855488306766,14.42,14.624505928852955,False
443,20/04/2017 13:00,short,77.49096541042402,-8.623320303856772,42.672327586207984,14.15,31.42857142857143,False
444,25/04/2017 05:00,short,72.01559688062605,5.874082231646895,25.58152298533892,10.76,36.0248447204979,True
445,28/04/2017 01:00,long,24.914869466508478,-21.570895658041415,38.02833234116002,10.82,38.15789473684318,True
446,04/05/2017 21:00,short,70.37837837838804,4.278542942285199,51.59609976441346,10.46,69.29133858267659,True
447,09/05/2017 13:00,long,29.76384364821304,-4.329057315858634,47.692386588579296,9.96,65.02242152466219,True
448,15/05/2017 05:00,short,70.0127064803135,1.2873451136831306,39.68247333441488,10.42,46.666666666664185,False
449,16/05/2017 13:00,short,93.24947589098056,0.8223827583422718,27.880888599419094,10.65,44.74885844748608,False
450,22/05/2017 21:00,short,74.96099843993042,5.3477387714290785,27.071729953142906,10.93,25.0,True
451,30/05/2017 01:00,long,25.77319587628992,-11.937873542101073,29.819225849164027,10.38,27.64976958525375,True
452,01/06/2017 09:00,short,73.39357429719182,3.5750451663399616,32.07063941177728,9.89,31.274131274131562,True
453,09/06/2017 01:00,long,26.730058108827095,-11.196983002935703,49.08256964901884,10.7,32.882882882881816,False
454,23/06/2017 13:00,short,72.34490010515509,3.0390432721742826,57.20948880597403,10.02,26.857142857143472,False
455,27/06/2017 21:00,short,82.66827891978348,1.644448381397396,27.413215814127668,11.06,40.46511627906933,False
456,06/07/2017 21:00,short,70.82683307332587,4.393266639759503,8.417752269436875,12.54,80.87649402390402,True
457,11/07/2017 05:00,long,29.953379953383788,-4.992206503693112,7.8574137737677745,10.89,96.1373390557938,True
458,11/07/2017 21:00,short,75.21501172792165,17.871777404482252,7.8574137737677745,10.89,96.1373390557938,False
459,21/07/2017 09:00,short,73.92102846648697,6.358648428096075,11.987492760261006,9.36,35.41666666666673,False
460,31/07/2017 21:00,short,79.71252566735326,12.786614901898659,14.760221402213105,10.26,41.666666666667844,True
461,08/08/2017 17:00,long,26.89704310651406,-8.48201826531917,53.30734379036878,10.96,55.69620253164799,True
462,11/08/2017 17:00,short,71.94458189014388,2.710038219889114,48.32721313961773,15.51,35.37414965986561,True
463,15/08/2017 21:00,long,28.227102303154183,-17.96434372535151,65.50216834155687,12.04,42.123287671234245,True
464,21/08/2017 21:00,short,79.70944309927775,10.636845533181457,39.45951497428235,13.19,30.54393305439291,False
465,28/08/2017 01:00,short,78.82721575649514,-6.385699545332187,42.471093752111535,11.32,42.68292682926787,False
466,29/08/2017 13:00,short,81.14423851732158,-7.229887356803616,45.42126219317924,11.7,39.03345724907074,True
467,31/08/2017 17:00,long,21.42401021710735,-10.47969758587621,44.80522621849533,10.59,25.896414342629555,True
468,07/09/2017 13:00,short,77.47385358004783,10.126914804539098,41.867469879518744,11.55,46.333333333334565,True
469,12/09/2017 13:00,long,12.85866099894264,-17.433496868822857,41.95135014897681,10.58,57.99086757991,True
470,20/09/2017 05:00,short,74.9136939010364,12.278119063724127,42.20188508279419,9.78,77.61904761904911,True
471,26/09/2017 09:00,long,29.693611473278864,-3.9972169290941792,57.62706118923549,10.17,89.40397350993518,False
472,06/10/2017 13:00,long,25.243348475007025,0.29145623640209806,57.81992520382665,9.65,86.47058823529653,True
473,10/10/2017 05:00,short,73.87459807074288,5.184810016789626,54.95514852742876,10.08,86.39053254438132,False
474,16/10/2017 09:00,long,29.860365198708706,-5.183366579717898,38.285860244147855,9.91,31.25000000000486,True
475,19/10/2017 21:00,short,77.46478873239016,8.394893300362284,40.09217481786966,10.05,41.968911917100506,True
476,23/10/2017 21:00,long,26.422764227634985,-7.587652439030734,43.715772044962016,11.07,48.32535885167511,True
477,25/10/2017 17:00,short,80.8080808080762,27.447170777051014,39.04748888932286,11.23,61.010830324909975,True
478,26/10/2017 21:00,long,28.59393461993625,-3.3321867521019612,67.45074140827597,11.3,65.79925650557647,False
479,09/11/2017 17:00,short,79.70802919708356,22.547611249934448,69.96470676366498,10.5,52.05479452055055,False
480,15/11/2017 01:00,short,90.5931695626059,-0.8588210697033958,36.66676507898916,13.13,47.14285714286033,False
481,26/11/2017 21:00,short,88.05532271584002,5.077439619475271,4.979329901249017,9.67,45.29147982063079,True
482,29/11/2017 01:00,long,24.238875878217755,-18.75671883543785,20.960795179386906,10.7,37.7551020408171,False
483,20/12/2017 05:00,short,79.68847352025213,12.372684046567514,58.53657247665889,9.72,63.573883161509514,False
484,29/12/2017 13:00,short,86.42424242425089,1.3575757575749066,20.357150765322928,11.04,47.05882352941119,True
485,08/01/2018 21:00,long,18.87816646561842,-18.15887057141765,24.00010399958289,9.52,30.909090909092242,True
486,12/01/2018 01:00,short,75.13751375136829,6.071365891452075,16.850860703230424,10.16,54.11764705882504,False
487,24/01/2018 09:00,short,71.5949820788547,10.886864634985173,13.084076920847977,11.47,78.10218978102372,False
488,26/01/2018 09:00,short,70.29847124484078,3.148712790736937,11.39605863584731,11.08,67.02127659574553,True
489,06/02/2018 01:00,long,27.47706422018905,-8.712619640048501,25.861846610717635,29.98,68.63905325443747,False
490,08/02/2018 17:00,long,22.26720647773108,-12.048582995953325,42.771024096385894,33.459998999999996,82.89473684210411,True
491,13/02/2018 21:00,short,74.01785714286075,4.876906350531527,55.13300770570961,24.969998999999998,77.4603174603162,False
492,15/02/2018 13:00,short,77.52808988764481,-5.041884667066,40.05513255099521,19.129998999999998,75.71801566579559,True
493,20/02/2018 05:00,long,28.395980647564272,-7.636408016405767,46.4285412801686,20.6,60.700389105056715,False
494,28/02/2018 13:00,long,29.461130742043906,-4.024916738171839,47.86091252260081,19.85,51.03857566765441,True
495,02/03/2018 17:00,short,72.87538529281694,5.130704441756151,45.897426232749595,19.59,51.487414187641996,True
496,08/03/2018 21:00,long,28.36495031617305,-17.226816407671166,54.938257696993425,16.540001,44.50704225351987,True
497,13/03/2018 17:00,short,70.12272534913156,7.477937704339766,47.955356200214204,16.35,48.056537102472966,True
498,16/03/2018 01:00,long,21.244131455400066,-13.892320786313647,43.319762494119374,15.8,46.09374999999928,True
499,26/03/2018 21:00,short,85.24934383202132,16.122118473793748,47.25740853492594,21.030001000000002,41.70403587443805,True
500,29/03/2018 01:00,long,20.445434298436837,-12.209166003221142,68.92306111246528,19.969998999999998,30.693069306929075,True
501,09/04/2018 21:00,short,73.03822937625444,6.983183504700577,65.70257257048767,21.77,38.31417624520814,True
502,20/04/2018 13:00,long,27.461139896375926,-6.743405558170025,69.90316005314489,16.879998999999998,73.06501547987459,False
503,27/04/2018 01:00,long,20.688134097928994,-9.89101648122508,90.95231156482424,15.41,72.04968944099173,False
504,02/05/2018 21:00,long,18.35590845399068,0.07683868655172432,92.51963280445081,15.97,70.15384615384471,False
505,11/05/2018 13:00,short,71.97452229298909,4.344464489526274,69.43247211137768,12.65,41.59292035398169,True
506,16/05/2018 01:00,long,28.75751503005479,-2.361837633458805,74.6269414121148,13.42,74.90347490347375,False
507,24/05/2018 05:00,long,29.42088934850773,-5.111484752217464,62.2317176593378,12.53,48.37662337662489,False
508,29/05/2018 17:00,long,28.500237304225507,-5.272013366343373,86.11107638903329,17.02,39.31034482758782,True
509,31/05/2018 17:00,short,70.48135160982102,15.012209612829281,61.999964666819146,15.43,48.95833333333391,False
510,07/06/2018 05:00,short,71.93140794224215,-1.1654778709115021,36.46226420202841,12.13,48.68105515587495,True
511,14/06/2018 17:00,long,26.256652868127617,-10.61956229713477,51.25787458958304,12.12,67.15976331360832,True
512,25/06/2018 13:00,short,71.46428571428527,6.312770562771604,71.30424234413712,17.33,33.142857142860294,True
513,27/06/2018 21:00,long,19.394512771993902,-12.092367694479165,80.0603564225301,17.91,27.038626609445657,True
514,02/07/2018 05:00,short,70.75998282525252,4.308369922025747,52.15818578221618,15.6,35.714285714290455,False
515,09/07/2018 13:00,short,82.57127487897525,0.9397543462303872,41.88666600251928,12.69,32.608695652180785,True
516,13/07/2018 05:00,long,29.810426540277206,-4.423807693951034,53.53151214035732,12.18,28.57142857143235,True
517,17/07/2018 09:00,short,70.61427780851969,5.912044557901794,70.83333085316286,12.06,32.608695652175584,True
518,19/07/2018 13:00,long,26.548042704626184,-5.702712582383597,73.93613795817937,12.87,31.29770992366707,True
519,31/07/2018 05:00,short,75.10040160641893,11.36413787015995,51.98230122802382,12.83,55.614973262034056,True
520,02/08/2018 01:00,long,29.07248636008441,-8.598746516621418,56.224866856841786,12.19,57.805907172996776,False
521,06/08/2018 21:00,long,26.563507414563688,-4.694683935363926,74.53428340016696,11.27,42.622950819672134,False
522,12/08/2018 21:00,long,14.217524718718025,-1.272817034624751,85.18511507398101,13.16,27.819548872178416,True
523,17/08/2018 13:00,short,77.04697986576896,7.3418860319883805,70.03243312967518,12.64,26.14840989399147,False
524,21/08/2018 05:00,short,83.97013614404844,-0.20158978830099272,51.11818952944308,12.86,37.40157480314844,False
525,28/08/2018 01:00,short,75.81132075471474,6.600406300437712,29.779497053135785,12.5,60.47904191616823,True
526,13/09/2018 21:00,short,77.72252610641583,13.528834413833536,42.788592362536455,12.37,67.14975845410513,True
527,27/09/2018 17:00,long,27.774987443491383,-6.943387441082706,55.98707962837687,12.41,64.62264150943317,False
528,03/10/2018 21:00,long,26.88904016337611,-5.048337527428046,69.78409399116485,11.61,71.28378378378343,True
529,11/10/2018 21:00,short,77.69726247986945,9.451714923980703,63.07062688303693,24.98,49.86595174262766,True
530,17/10/2018 21:00,long,21.111111111120323,-16.938192211500258,56.66681587315724,17.4,59.45205479452104,False
531,25/10/2018 21:00,long,28.066825775660917,0.7809739951016326,65.79916059791562,24.219998999999998,32.17054263566072,True
532,02/11/2018 09:00,short,73.34754797441248,4.025312540403931,56.7483875004947,19.51,54.12844036697365,True
533,09/11/2018 09:00,long,19.375282933453533,-16.70719129335226,56.44708475310542,17.360001,61.038961038961844,True
534,15/11/2018 05:00,short,77.09526288391379,10.854853676754686,42.261945861775075,19.98,54.25531914893638,False
535,20/11/2018 01:00,short,84.34452871073756,-1.811657901846317,51.713431061510605,22.48,16.915422885572156,True
536,23/11/2018 17:00,long,27.509778357228086,-13.557219161377382,50.609772642806874,21.52,16.915422885572156,True
537,30/11/2018 01:00,short,79.94444444444457,16.44047268804347,48.275734515028596,18.07,8.552631578946077,True
538,02/01/2019 17:00,long,24.91760052735974,-17.48801843664306,47.404833275490745,23.219998999999998,7.821229050280863,True
539,07/01/2019 09:00,short,71.30149812733377,3.326390420304122,39.34910174715693,21.4,38.14102564102586,False
540,10/01/2019 01:00,short,71.25545322345647,-3.348401166261141,37.060767895800446,19.5,44.380403458212946,True
541,14/01/2019 05:00,long,29.44881889763913,-5.811296709295561,47.95537554762883,19.07,47.678018575851254,False
542,22/01/2019 21:00,long,24.595141700406728,-6.761642219195011,67.14972601462385,20.799999,80.39215686274419,True
543,28/01/2019 21:00,short,70.44083526681868,4.641095344847741,57.87227089147892,18.870001000000002,65.72769953051525,True
544,05/02/2019 21:00,long,26.311336717427466,-7.352029619207272,41.43426977348891,15.57,41.216216216213866,False
545,11/02/2019 21:00,long,24.43438914028289,2.009722006425335,69.62021150485634,15.97,21.78988326848105,True
546,26/02/2019 21:00,short,75.17509727626486,15.7094484213018,33.7209876959534,15.17,44.49541284403658,True
547,04/03/2019 21:00,long,27.236315086777296,-6.137768042798257,51.87949573349269,14.63,70.71129707112925,False
548,07/03/2019 21:00,long,18.307349665926708,-1.8792908055894628,74.33619586513773,16.59,50.63291139240472,True
549,12/03/2019 05:00,short,74.89331436699632,11.1137868079457,60.55777003539619,13.77,40.89347079037837,False
550,21/03/2019 01:00,short,86.82891911237581,12.684709352728547,48.387158342219756,13.63,13.448275862069522,True
551,25/03/2019 05:00,long,27.812257564003332,-12.673831339098449,41.090926016566485,16.33,14.181818181818784,False
552,08/04/2019 21:00,short,73.36065573770753,6.879690092400466,80.71408010365613,13.18,49.35064935064857,False
553,16/04/2019 21:00,long,27.436823104686965,-11.429156276755158,56.39084855178751,12.18,68.10344827586073,False
554,24/04/2019 21:00,long,18.908382066276587,-2.3514604534073555,82.56393320218751,13.14,46.212121212120664,True
555,29/04/2019 21:00,short,72.27642276423683,10.016452306325249,77.48714783174077,13.11,45.33898305084636,True
556,20/05/2019 01:00,long,28.742514970068584,-11.90586408230837,72.4773966853086,16.309998999999998,36.09756097561133,True
557,29/05/2019 05:00,long,26.310272536693716,-4.572080404488517,67.53248861526751,17.9,26.71232876712415,True
558,03/06/2019 01:00,short,74.53754080522619,15.880667772690991,36.87968261083093,18.860001,12.418300653593803,False
559,10/06/2019 05:00,short,70.78109932496858,1.7637039324023078,24.742422680412957,15.94,29.95780590717068,True
560,13/06/2019 21:00,long,29.200000000009098,-3.3714285714201537,38.27760055846888,15.82,16.475095785438327,True
561,20/06/2019 17:00,short,81.68839230292434,13.853340756527842,40.645147138426175,14.75,3.8043478260860155,False
562,25/06/2019 09:00,short,79.82917214191569,-15.151522838777964,43.34604056733287,16.280001000000002,29.6137339055809,True
563,01/07/2019 17:00,long,28.02944507361599,-19.386756043701283,17.12693446453585,14.06,43.10954063604325,False
564,11/07/2019 01:00,short,71.038251366128,7.9386203698098115,35.0517068785518,12.93,51.2727272727269,True
565,16/07/2019 13:00,long,27.619047619048487,-15.782711911749978,42.336109010540994,12.86,61.7021276595735,True
566,18/07/2019 21:00,short,71.64291072768904,31.32336185550067,29.293125191605967,13.53,42.64705882352841,True
567,23/07/2019 05:00,long,9.677419354840893,-33.57326935038703,51.86567024950129,12.61,61.5686274509784,False
568,01/08/2019 01:00,long,20.012128562771323,-14.026070618680365,68.2403317430582,17.870001000000002,22.096317280452,True
569,05/08/2019 09:00,short,75.26416906820006,13.84894877447956,74.54543801647756,24.59,22.818791946307854,True
570,14/08/2019 21:00,long,27.592829705503945,-13.848123707277779,67.01024125822926,22.1,21.908893709327415,False
571,01/09/2019 21:00,long,11.007620660461157,2.2626813892060795,53.367796182489194,18.98,34.38485804416311,True
572,04/09/2019 21:00,short,72.66187050359011,5.131990025507719,42.38677268034036,17.33,31.528662420381806,True
573,12/09/2019 01:00,long,25.126135216952278,-10.013724922911877,56.82811271340718,14.22,74.54128440366998,False
574,30/09/2019 21:00,long,28.95204262877799,-5.6242285576607,57.31229780178338,16.24,30.99041533546344,True
575,03/10/2019 09:00,short,71.13076437144512,2.5720909020614187,54.51140807841811,19.120001000000002,22.931442080378446,False
576,17/10/2019 01:00,short,70.3846153846118,1.3331684392784098,6.97681665792166,13.79,60.93023255813868,False
577,23/10/2019 05:00,long,29.28064842957579,-4.190425950578188,14.462787036309635,14.01,76.1627906976743,False
578,30/10/2019 09:00,short,70.57522123893392,3.0142456291828523,29.47367202212567,12.33,42.38095238094961,True
579,05/11/2019 17:00,long,27.906976744190246,-5.895840157224811,63.9750534316444,13.1,44.91525423728683,False
580,17/11/2019 21:00,short,72.28426395939452,2.732981908114411,67.09655442488588,12.05,58.62068965517202,True
581,25/11/2019 05:00,long,29.254457050243985,-5.564274067578253,63.725373895225204,11.87,21.739130434782496,True
582,02/12/2019 17:00,short,72.15657311668065,15.046220443204135,73.56288017066478,14.91,46.590909090909,False
583,19/12/2019 21:00,long,29.241877256328863,-16.97297494266438,45.83319010282202,12.5,66.58711217183733,False
