"position_type","rsi","rsi_delta","dxy_rsi","vix_close","us10y_rsi","outcome"
1,0.251847890503366,0.374991284593786,0.668063550518464,0.340476170847505,0.82712718114771,1
1,0.284542737790991,0.37271777945206,0.55527029920354,0.0907738122254111,0.662680553151403,0
1,0.194840451053397,0.450288239754294,0.701298446313715,0.111011908065831,0.543988560425894,0
0,0.769218075365879,0.613165332441416,0.41597744166747,0.0125000003720238,0.798208824814375,1
0,0.763794033329415,0.601190369317531,0.242159971435742,0.397916678509425,0.413914739767837,0
1,0.291243977158588,0.405882832148016,0.316280003221332,0.154464290311437,0.594799299905781,1
1,0.273688585188382,0.46849379757185,1,0.37232146941433,0.365017689032818,0
0,0.784663340210099,0.333561851258089,0.282275341851206,0.27261905573271,0.512089704383304,1
1,0.258512685974168,0.46322059503921,0.5737903350857,0.008630952637826,0.890513881393594,1
1,0.256754490862721,0.392467401759683,0.590889305049553,0.221726167313279,0.457087439121101,0
0,0.761373493599901,0.716463072851967,0.630032897645984,0.103273812597435,0.630518309417418,0
0,0.786163812244001,0.6357167523203,0.493405205799914,0.25565479927544,0.517336237833928,1
1,0.296614272727654,0.430568882926959,0.417941510842948,0.268749978236607,0.619144339464782,0
1,0.281627012693692,0.32417074901975,0.271149995656623,0.133630956358064,0.789710688651418,1
0,0.765350507874271,0.658230687822349,0.362199108089809,0.282738133414825,0.118286662269393,0
1,0.248405648344221,0.295566459445466,0.271422928652015,0.131547622962727,0.671625656150153,1
0,0.866184950117134,0.436912113543616,0.512087105885859,0.390476202097506,0.165183258021829,1
1,0.301500098029446,0.517744610791499,0.840797147855572,0.2074404823643,0.534586977126843,0
1,0.265199140371395,0.392752895879471,0.457071108236018,0.372619028946995,0.448500517465453,1
1,0.289182898706105,0.39291407535597,0.883119736991064,0.105357145992772,0.84860670038426,1
0,0.721630669778351,0.651341801084304,0.585600358650318,0.275000008184524,0.585055603057617,1
1,0.305386188823968,0.345633752794133,0.561353858972223,0.234226197447208,0.667121918391207,1
0,0.793327819473196,0.585151146119982,0.329873323565355,0.394940458182752,0.377335234846723,1
0,0.75901159133725,0.539116910223668,0.110675327039703,0,0.358116717635084,0
0,0.760007173841209,0.520581357007657,0.546640307203335,0.464583317398313,0.796553565360921,0
0,0.895809951875778,0.434121301332269,0.410867180732847,0.249702388384,0.416532216786572,1
0,0.746510533981436,0.73344435496898,0.569001321729268,0.177976195773101,0.66449779859894,1
1,0.289845922067927,0.115242926169062,0.541407495895273,0.157738099932682,0.181707441386338,1
1,0.279999527107886,0.424380731912727,0.38890345186671,0.331250009858631,0.682116979364712,0
0,0.923609547620794,0.412081795370433,0.148101635289791,0.933928658747877,0.311425369309718,1
1,0.271927418021222,0.38823775098785,0.736637026859984,0.104464288823342,0.31516368248637,1
1,0.28762606149365,0.362705135970361,0.543564413315953,0.11845238447775,0.449852841979835,0
1,0.264231735168945,0.381990547127916,0.770799663019325,0.867857168686225,0.30505004929732,0
1,0.266229613006909,0.362128501690305,0.474562785717225,0.0377976201725483,0.922353283821202,1
1,0.0399570452035193,0.45405834507819,0.403403753171448,0.756250022507441,0.469505871677499,1
0,0.904338952894315,0.523089887428955,0.0398611627939946,0.0092261907507795,0.46109259792566,1
1,0.129025477957876,0.462759535368317,1,0.384226201911494,0.333890685616662,0
1,0.232893584583393,0.529554947069059,0.628589847359227,0.0824404786440619,0.237307915821179,0
1,0.255163379038212,0.240811847967233,0.468550767272444,0.41249998251488,0.0703477810238343,1
1,0.304269832978765,0.409572304362471,0.571841535624114,0.0241071435746174,0.921103617743802,0
1,0.252408123515647,0.352165976285814,0.881893729839244,0.138392861261692,0.196012702893466,0
0,0.738689970665487,0.493475357822146,0.477870978647274,0.183035719733206,0.357673344567219,1
1,0.224414502764384,0.329604896962551,0.691645693494622,0.21071432174745,0.366025921071817,0
0,0.726510044765649,0.513469365396316,0.516581141551797,0.185714291241497,0.361220329110304,0
0,0.722650555299789,0.476251683421284,0.0600448197824661,0.131845242019204,0.624175615769402,0
0,0.843500850488757,0.399106787879085,0.395848831654817,0.296428580250851,0.579058719442979,1
1,0.251028347348519,0.519018681723731,0.682724710819269,0.730952343183106,0.308962102033339,0
0,0.748994169505143,0.498197454461169,0.20872152307755,0.130952384849773,0.775815975227467,1
0,0.902543609671766,0.469517595436455,0.0838959713077309,0.15327381408553,0.754334712478296,1
0,0.738750829151384,0.863554210405713,0.655351812277927,0.170535719361182,0.343948056552785,1
0,0.804809355072146,0.632200866341801,0.278528386554227,0.260416704179069,0.634806608581944,0
0,0.748518560799517,0.568893478903335,0.359039231564469,0.0375000011160715,0.550928580530086,0
1,0.238095997403215,0.154634177116396,0.25161650257591,0.427976203213577,0.512800713557619,0
1,0.27341917275701,0.300431039487239,0.599870138213782,0.11934524164718,0.718266787267985,0
0,0.820341554503507,0.493217577452455,0.165278047629173,0.0994047648632371,0.739612640163136,1
0,0.7429306073217,0.43533285866731,0.126560297147367,0.134226194471018,0.823037716615723,1
1,0.291681379051939,0.368215788023215,0.106586811465494,0.273511883140235,0.531918960244671,1
1,0.152549197353536,0.483840593736706,0.850567066160634,0.348511915134283,0.382431766476995,1
1,0.198177838860247,0.250579447393687,0.559918432974362,0.238095274943312,0.625309450997558,1
1,0.2428540740653,0.169703148070979,0.568873891666965,0.161309528610403,0.457626789101955,0
0,0.782192335649762,0.589437767273269,0.570555895286687,0.186607148410927,0.451189223420533,0
0,0.799764784878518,0.585164149975263,0.443950354443218,0.107738098444586,0.689302861233688,1
1,0.285899838222462,0.385821860601021,0.635984988669925,0.111309527122307,0.457169266918923,0
0,0.833279895091314,0.369133866627666,0.448507721578205,0.0696428592155613,0.395833096491347,1
0,0.796034368548985,0.655157668111823,0.620014718000962,0.914880920085742,0.095438328236501,1
0,0.745201216349549,0.493592509409464,0.297752571738901,0.363095219139739,0.764356099218515,0
1,0.0946196845625514,0.321073245177236,0.502544878794966,0.477678585645196,0.545221003285087,1
1,0.291431626068185,0.360063820304944,0.655483585758709,0.751488147365719,0.0552611165937757,0
0,0.850138549011132,0.68701487639489,0.494773697071806,0.196130958218183,0.558390940474084,0
1,0.104210937426524,0.125913250219385,0.626572813793488,0.718749961867558,0.43698246128498,0
0,0.723369569095409,0.626675395412937,0.747386088406381,0.329761944338153,0.288392599706233,0
0,0.791648743550873,0.595361281574452,0.416584327373901,0.316071437978317,0.554568720584752,0
0,0.781641040655066,0.666475944291345,0.661444552129384,0.449107185985333,0.543075185277043,0
1,0.298576864748612,0.394280112815712,0.741369453696697,0.0922619075077949,0.603883951325193,1
1,0.278514137915784,0.241826508383197,0.365988631163193,0.134821432583971,0.211311999112872,1
1,0.213285338496138,0.463605488496469,0.773831044774393,0.11845238447775,0.662680553151403,1
1,0.300845353663044,0.351455435717211,0.738275890987939,0.36071429644983,0.64792375896759,0
1,0.286255980447864,0.323749265544171,0.685391300314092,0.36220242149412,0.707575220212511,0
0,0.788430997556123,0.555810179223317,0.564180853104674,0.525595253737954,0.093667615733435,1
0,0.817573317895841,0.601683362912638,0.114124131443394,0.169940481248229,0.520727149167539,0
0,0.775747796213374,0.531178952713808,0.373517174830603,0.135714289753401,0.0722120285423192,0
1,0.266256860070091,0.233446445870645,0.887726490336679,0.144940480504181,0.580114122347611,0
0,0.762303014250422,0.667811554226795,0.286612092985904,0.152976195029053,0.657350282546101,1
0,0.767496982157295,0.446492415115262,0.608013386357446,0.312797658118978,0.532147647405996,0
1,0.290701005865684,0.401806456656768,0.637093345847245,0.153571433142007,0.681421074489401,0
1,0.271495387007565,0.202365694577462,0.451692651579683,0.148511909181902,0.538055108123068,1
0,0.820943735680241,0.665233454333614,0.47735081154355,0.259226198191256,0.0779749450077745,1
1,0.180064769790774,0.318847404186823,0.658974534877306,0.275595276059383,0.464187203933588,1
1,0.200031383442573,0.0790522647139307,0.48531195913469,0.443750013206846,0.357993975938321,1
0,0.930432833477937,0.448831433427809,0.360047677340558,0.112202384291738,0.480399009756862,0
1,0.2921066243076,0.35748387022583,0.776535113144601,0.22946429254358,0.310832283983948,1
1,0.235423279028206,0.264106746999281,0.404953641794277,0.344940516218468,0.387349162890756,1
1,0.290632163701296,0.325784421788416,0.0701142919987636,0.134523813527495,0.811609623950987,0
1,0.2268006665051,0.208990945570781,0.825784514135706,0.651190495571146,0.0966642061232454,0
0,0.818559170637543,0.619526258415858,0.138692435861238,0.0267857150829082,0.423292558613691,1
0,0.808796658991375,0.75830339485164,0.832729755731558,0.0940476218466554,0.790760157273951,0
1,0.290608675445245,0.244079301987366,0.544672450664963,0.213690512312218,0.452912377424595,1
0,0.733236036179598,0.354114181698095,0.120773633287736,0.215178577832696,0.843706091412547,1
0,0.75276143493573,0.577580048800092,0.308637130881402,0.23095241758787,0.503676095820616,1
0,0.875488166248998,0.661251066596157,0.467061110139432,0.347321468670282,0.423682249740591,1
0,0.728418813728656,0.455358625192166,0.564945198138349,0.180952386337869,0.200372290918775,1
1,0.225115477921641,0.0528960523779278,0.711298658576402,0.421428583971089,0.471753486373446,1
1,0.26139509536938,0.351901390074092,0.545295485333707,0.105357145992772,0.259328178793307,1
0,0.836394135639438,0.691187322115851,0.365364186503813,0.195833339161707,0.683995922528056,1
1,0.289625597223349,0.31538525063225,0.332014770465495,0.484523794182256,0.44486937460963,1
0,0.720026209665364,0.57626873244414,0.419527592348476,0.105059526936295,0.680653571708652,0
1,0.211676439673589,0.335845009378322,0.908577396519761,0.180059529168438,0.74013080833983,0
1,0.22296336315753,0.329544102905003,0.778376493445157,0.34880953419076,0.401901513369423,0
0,0.72010231795736,0.473355234875515,0.274179084615084,0.105654765049249,0.422068599158672,1
1,0.295506302787437,0.368816573324965,0.581120614104996,0.149702385407809,0.629228656368126,0
1,0.259640283275375,0.327257875365079,0.532477850316007,0.3047619138322,0.433623461146406,1
1,0.291428728290663,0.324548730866935,0.383776393119853,0.229166643725198,0.675579349036074,0
0,0.723228602353574,0.517631526864507,0.574319263450741,0.283035752471302,0.67420424688807,1
0,0.876091847695375,0.708927271172611,0.792494003905278,0.0922619075077949,0.705469558680593,0
1,0.0879236703016197,0.461267771431469,0.672802968009652,0.218154798159369,0.711564554114419,0
1,0.300023789384145,0.407155395135316,0.135687002559652,0.138392861261692,0.783022781689334,0
0,0.863801603121813,0.351494937990091,0.132855978731759,0.555654808204012,0.245479495020794,0
1,0.266408450999963,0.515646561145997,0.597249506672249,0.36904763003118,0.562141951694768,1
1,0.287267219949776,0.343225689677561,0.569128188425718,0.79761907135771,0.456775618715525,1
1,0.303381880947567,0.35127599596593,0.502485936398829,0.386309535306831,0.274000888679793,1
0,0.748260395637007,0.523756192964093,0.453319133525157,0.304464294775723,0.525704635208562,1
0,0.739714222476776,0.587258969151084,0.524787700473854,0.224404768583475,0.900428903890944,0
1,0.280386332448204,0.422986350956237,0.502450991645741,0.0818452405311084,0.463463831669667,0
1,0.279004163953209,0.382795512584466,0.513765110691645,0.156845242763251,0.72617387261741,0
1,0.293720117537403,0.404368095867685,0.421587143916403,0.067559525820224,0.668758465641727,1
1,0.187696735175447,0.460535880150853,0.924414434830875,0.196726196331137,0.720360699443281,0
1,0.27641593748999,0.442348647626288,0.583189044125554,0.483630996536637,0.529130970275449,1
1,0.184153747307597,0.470303436339987,0.480338309277463,0.28511908586664,0.428358543263732,0
1,0.0794359753612135,0.532526373996275,0.385605368142132,0.256547626682965,0.614475025484216,0
1,0.25950309423326,0.394909911100235,0.758868429484633,0.144940480504181,0.463639507790908,0
1,0.27551555613592,0.214682004421958,0.443143550091302,0.160714290497449,0.718059613729935,0
1,0.233323710104115,0.291979681693317,0.499524902598529,0.207738101420777,0.664476016230654,0
1,0.216025445873824,0.247689788068957,0.562138711803247,0.239285721407313,0.608760979151859,0
0,0.814412754456644,0.414849398792155,0.37723212389635,0.209226166941255,0.351218168905912,0
1,0.30509211159542,0.128328253268915,0.6192513875722,0.214880958776219,0.429333813035934,1
0,0.753588361750145,0.5042959874924,0.313606005758494,0.0157738099932682,0.314917801156352,1
1,0.255135298551081,0.189737920083604,0.373805669224403,0.0434523822456066,0.386702612801145,1
0,0.739479186131322,0.653109771509072,0.711298255686085,0.203273845335531,0.834624532789666,0
0,0.785796485516914,0.585521088534685,0.153663979809096,0.462202364946499,0.604880131703358,0
1,0.193377212105314,0.430159562561839,0.823816808748453,0.112500003348214,0.470693170234469,1
1,0.288666942360136,0.293656506115425,0.672613247417274,0.0657738114813635,0.484615236666498,1
0,0.856394330078511,0.410940233425545,0.0259225698930085,0.119940479760133,0.579295776377712,0
1,0.205973560141144,0.467707805539233,0.816053047396052,0.462797632821358,0.260825244869934,0
1,0.142384025563946,0.454996859970518,0.838838241045899,0.173809528982426,0.687979928089315,0
0,0.765782363149855,0.590119586360921,0.313797366957843,0.243749977492559,0.968298632483677,1
0,0.742182546808417,0.493762367255509,0.667526276804274,0.0800595261922478,0.600091391613082,1
0,0.727707080408476,0.533196668868914,0.153937980870765,0.413392869446216,0.408752682286419,0
1,0.289680505910718,0.421731455430514,0.583932366330948,0.777380975517291,0.373983495401408,1
1,0.27275873491016,0.387351584955501,0.591802974706816,0.472023793810232,0.254970566897184,1
1,0.248184801916254,0.224941296598611,0.201346295183268,0.0398809535678855,0.382502236368579,0
0,0.757592725729815,0.567816642836066,0.538579611321007,0.405059506102961,0.533575147534119,1
0,0.793397789738669,0.846041993803803,0.227301215779095,0.386607154363308,0.596187691397538,0
0,0.731692400017162,0.559926399807939,0.460678609637164,0.153869052198484,0.606867875655719,0
1,0.2012963404488,0.270228583073706,0.191637273698076,0.52232144411671,0.37850733910165,1
1,0.306481102284699,0.202426449915664,0.693382960351543,0.156547623706775,0.298725316619504,1
0,0.869311346830187,0.458521053452288,0.386054533829463,0.257440483852395,0.822224606708784,1
1,0.291814210521374,0.473189964153234,0.766137959476456,0.195238101048753,0.736464524070583,0
0,0.887568352885388,0.476557001839378,0.195246754470033,0.0500000014880953,0.479522695928539,1
1,0.306225021156343,0.436492976362816,0.47071551936087,0.269047627054989,0.274319207805462,0
0,0.721764830103634,0.498962868756455,0.104699165516446,0.0511904777140023,0.687693842583591,1
1,0.302833368362445,0.462038515905442,0.7772223584471,0.0696428592155613,0.34023237084723,0
1,0.222482676047847,0.308774689465692,0.227644050200312,0.152083337859623,0.557334562160531,1
1,0.297883488368633,0.352010399469514,0.557673026450438,0.0842261929829224,0.591594730254618,0
1,0.264461251644732,0.443566093508453,0.681334020939315,0.0818452405311084,0.644644471371177,1
0,0.741544640039919,0.569826353588206,0.712173668298772,0.0827380977005387,0.405912334352717,1
0,0.732561907156596,0.645125049718272,0.333647597651779,0.144345242391228,0.610527466661553,0
1,0.0677309835267092,0.455504994412386,0.563426486335333,0.22767857820472,0.50532071984531,1
1,0.299754492312308,0.389969519625033,0.633462095287382,0.0747023831756662,0.215485529406562,1
1,0.294852735811961,0.339270607018032,0.452854769831815,0.0598214303518283,0.69548697989067,0
0,0.796099026342018,0.39650424431112,0.394285524764281,0.290773788415887,0.778384607809498,1
0,0.773822172460079,0.70042856542149,0.838849114026017,0.190773815201602,0.466163778457366,1
0,0.935911859716367,0.788423962739013,0.0348880680178689,0.361011915506307,0.311505203956013,0
0,0.734610296909177,0.562938517337539,0.504527498273234,0.137797623148739,0.236728612875406,1
0,0.854959365316965,0.531985186123169,0.297752571738901,0.363095219139739,0.764356099218515,0
1,0.243719352607778,0.352459899674874,0.51545516800998,0.153571433142007,0.563824086209437,1
0,0.834066566266438,0.718142372234529,0.338997176316956,0.201785690529336,0.385349815508764,1
0,0.735087409865875,0.50632267984602,0.528933946410881,0.537202396940548,0.567561168310388,1
1,0.145146298715885,0.443652634529403,0.850302609281523,0.113095241461168,0.278892951032008,1
1,0.0926299671927273,0.45725670673128,0.645414961649952,0.151785718803146,0.474527421663083,1
1,0.273550902903063,0.410175964277336,0.635705328030569,0.243749977492559,0.764991142384955,1
0,0.758534198777671,0.524433015725963,0.544843124501282,0.0214285720663266,0.88967904987671,0
1,0.284241244764635,0.318993337133043,0.280692316779139,0.212202387267928,0.519773331085927,1
1,0.30076709598165,0.414671943318828,0.346752794625526,0.228273846079579,0.152933514554331,0
1,0.303043603592608,0,0.455908387591931,0.123214289381378,0.727734235237753,1
0,0.748661936729098,0.552281703821295,0.496999828351761,0.14315476616532,0.451443626078612,1
1,0.268931377654734,0.326731412656217,0.507483923643199,0.0821428595875851,0.689138000711763,1
1,0.0818315296677238,0.515581835358931,0.659666012898672,0.93630955167588,0.398187790236739,1
0,0.785700393688342,0.61652221022925,0.475234028807239,0.215476196889173,0.410471081699852,1
1,0.235088136562018,0.34727918820802,0.305666520532217,0.176190481434241,0.879349643221233,1
1,0.302424834599522,0.389304840085692,0.425634286412436,0.429761887790532,0.679076991133449,1
0,1,0.993757178825486,0.265738810423674,0.300892836336096,0.577040696306779,1
0,0.779618323633489,0.60811723705205,0.593301881456795,0.359226201167447,0.507463801762304,1
0,0.758725456272098,0.543222979115462,0.442632817214025,0.223214322119474,0.602526121304812,1
0,0.733274788996155,0.49345936970182,0.632560757684433,0.118750003534226,0.455770755464965,1
0,0.737185837387685,0.707464519737824,0.127474106256854,0.068750002046131,0.124975276522606,0
0,0.738056294907707,0.52160684898492,0.367709732934881,0.229761911600057,0.701764841900275,1
1,0.300147329022249,0.372838319464286,0.51604689293947,0.249404769327523,0.924933082538657,1
0,0.771519368075582,0.535523207360922,0.15981735516165,0.0238095245181406,0.553133057504386,0
1,0.193066538403179,0.2324199586955,0.232057070363104,0.00476190490362813,0.31111111111114,1
0,0.778447382468624,0.542141131494042,0.290455098087091,0.0934523837337019,0.619470539044266,1
0,0.803993302357333,0.621226647042985,0.934668169720807,0.455952394522393,0.263211545683795,1
1,0.294269718596219,0.309422423630231,0.309689659812751,0.120535717873087,0.191971235713521,0
1,0.305470913498067,0.404235953358348,0.530457953527322,0.0839285739264457,0.286733653706185,1
1,0.250251284490891,0.371625188547205,0.740171375636163,0.111904765235261,0.680045871559664,1
1,0.29273166365575,0.393320620389827,0.421880604975212,0.26577384719565,0.4750194165332,0
1,0.241696204266807,0.377022587817923,0.815434034119419,0.102083336371528,0.807820696232741,1
1,0.284925945341602,0.301033949026172,0.404751726830529,0.2074404823643,0.136676860346602,0
1,0.295924799456064,0.393107593946296,0.622261184705314,0.334226200423399,0.550870800529223,1
0,0.724170339911399,0.502485639458709,0.412101270728443,0.704166687624009,0.829357798165172,0
0,0.732111990489478,0.648870758794452,0.299073553751,0.158035718989158,0.360386523042302,0
1,0.170829623045833,0.46856557055211,0.568638413220279,0.477083317770337,0.162908097896748,1
0,0.89434505790883,0.43647213386125,0.309310002681337,0.297023818363804,0.571379163286131,1
0,0.752725798041657,0.557613750428921,0.350423379044638,0.197023815387614,0.446100494105639,0
1,0.262937029758076,0.28970721935541,0.328935884865239,0.0910714312818879,0.305976044852206,1
0,0.804057082650604,0.636884263511443,0.242915443015497,0.272916704551093,0.462169376039506,1
0,0.722926936500813,0.537015314939939,0.688030147268347,0.453273823014102,0.303824286686056,1
1,0.304230177926746,0.455511246792722,0.208628303107065,0.477380966588719,0.352419309826197,0
1,0.2866974442465,0.358785815699169,0.331905784861227,0.149404766351332,0.857377336463024,1
0,0.723040443062238,0.427863200499575,0.530022028180833,0.185714291241497,0,1
1,0.237161568980788,0.359013699676805,0.774412196491901,0.0943452409031322,0.426667359441052,1
1,0.165417405808359,0.515267825954683,0.845360993467642,0.697619038619614,0.207899506974949,0
0,0.756399998818959,0.590624660005444,0.67736556068448,0.08720238354769,0.633152281406422,1
1,0.294768820706196,0.564403248374796,0.805941522386959,0.206845214489441,0.472349643221221,1
1,0.288697203163297,0.380510035005998,0.813759121463243,0.183035719733206,0.767528783317159,0
1,0.22250880340093,0.312588674228505,0.433425904977356,0.227976197261196,0.632412120337019,0
0,0.845004774206388,0.498321676870532,0.282275341851206,0.27261905573271,0.512089704383304,0
1,0.224352552627981,0.297646348545923,0.690303569875732,0.0824404786440619,0.243483326052135,0
0,0.937260774907577,0.456183703221108,0.148101635289791,0.933928658747877,0.311425369309718,0
0,0.735588218761644,0.851407950116864,0.285540540937128,0.124107146550808,0.433516219943644,1
1,0.285649194731695,0.395528554820752,0.566948176197479,0.208630988352113,0.510193679918465,1
0,0.721625995833184,0.615042079182424,0.57744881954596,0.298511883884282,0.729780915381885,0
1,0.277851233422634,0.354308530602867,0.34938520159086,0.133333337301587,0.371058191899469,1
1,0.252555663350396,0.259548165987048,0.620289420951602,0.337797599339214,0.980194110637354,1
0,0.732077849475661,0.501185491173677,0.387151418107321,0.358333343998016,0.386526699600114,0
1,0.28131578955086,0.375219412421179,0.695885696516801,0.223809500708616,0.750718764892095,0
0,0.821646898262733,0.351123350495128,0.51647046878567,0.213095244437358,0.496472450238768,1
0,0.728068218228907,0.752966519524216,0.497236994178373,0.234226197447208,0.426014762413587,0
0,0.753308306891677,0.546745564797872,0.57466446693372,0.371130963426517,0.692405708460781,0
1,0.295262167516381,0.439613820105203,0.910699766275215,0.104464288823342,0.640545361875653,1
0,0.719498555967733,0.604318796443428,0.220750107803235,0.256547626682965,0.116045543288599,0
1,0.298155749579486,0.282565479602509,0.830526100937125,0.106845241275156,0.644890417940911,1
1,0.241611319488064,0.329302159850685,0.431994339631223,0.238988072588931,0.965314875946073,0
1,0.0905351302514615,0.300413468409857,0.551201715761916,0.15148809974667,0.500478026604892,0
1,0.2885560245322,0.405505260477354,0.568638413220279,0.477083317770337,0.162908097896748,0
0,0.760448943322262,0.52187979528489,0.868403494566368,0.158333338045635,0.599924140056441,1
0,0.733786093021293,0.589335027028763,0.615424861431634,0.199702386895904,0.769372462757328,0
1,0.277866157712003,0.182363241057032,0.596319471076124,0.0976190505243765,0.653406727828771,1
0,0.774469988782709,0.780332633132662,0.656526798386394,0.22946429254358,0.580039440967189,0
0,0.730322382535869,0.491749733714336,0.540359337570118,0.290476228883221,0.227919115680208,0
1,0.295335022507902,0.398012952083765,0.740842989973413,0.161904766723356,0.737406183481132,1
0,0.726639181577841,0.476669621236815,0.659034303711261,0.316369057034793,0.420612788353177,1
1,0.304641197181408,0.374216320066745,0.811598949376842,0.183035719733206,0.484123343527036,1
1,0.294431384930374,0.40820203709248,0.326362122570911,0.485416681113592,0.60039484380446,0
1,0.265450958843048,0.501467760572773,0.909240015884679,0.275297657002907,0.407982435505392,1
0,0.829823556055926,0.802919520789053,0.38410376312513,0.0556547635611537,0.625016100126252,1
1,0.305984377654219,0.394734404903325,0.376407866631471,0.0163690481062217,0.314666156982737,1
1,0.16538326525485,0.445219069817211,0.406400587874167,0.242261911972081,0.760974078424338,0
0,0.795653119867749,0.651658690277959,0.492935954681484,0.193750005766369,0.647107283280309,1
0,0.819758517706737,0.270039767690204,0.427538590578352,0.205952416843822,0.297602953979722,1
1,0.30139448970919,0.361456035557095,0.216028691242798,0.167261909739938,0.460926902485832,0
0,0.741053234553518,0.506304545692423,0.290983878356224,0.266666674603175,0.677112665395002,1
0,0.789075755989084,0.408194460564511,0.538078540680193,0.236607120137117,0.448285229384717,1
0,0.784262689997045,0.38581542155296,0.303053641217146,0.113690479574121,0.499742320117891,0
1,0.255738594087102,0.466578624542061,0.65208968163131,0.169047624078798,0.194189602446497,0
0,0.727564462250659,0.542960748278238,0.558816642552817,0.631250018787203,0.588404689092787,0
0,0.746065058507021,0.523772274714353,0.417845643215154,0.237202388011976,0.317572086198289,1
0,0.795448170366164,0.564588904143661,0.394659819315257,0.0205357148968963,0.426444412754288,1
1,0.203221952656253,0.459689572563767,0.417941510842948,0.268749978236607,0.619144339464782,1
0,0.723807848567457,0.512921316239658,0.136664978505285,0.275000008184524,0.670753846900665,1
1,0.275515804303122,0.353470587950752,0.528192838592905,0.0476190490362813,0.569594446380002,1
1,0.204725820202303,0.284118384902712,0.679083604523252,0.253273846823626,0.219210321895042,1
0,0.76893544979272,0.646950893399815,0.602481322575502,0.672916656932043,0.371553740727009,1
1,0.271957579290342,0.315244241442437,0.54852045948442,0.662500049479168,0.363849270595105,0
0,0.733051249311989,0.492999562893614,0.455097929680331,0.384523850729877,0.394935350608955,1
1,0.302990245973105,0.397240371549303,0.649959416721129,0.263392835220025,0.603406055843161,0
1,0.29307986811286,0.441595170798888,0.48262188432336,0.106547622218679,0.824075341944754,1
0,0.819837927330412,0.426965603249422,0.64079324889842,0.572023826548328,0.413906026347308,0
1,0.0874452128586526,0.184587525884025,0.560890795067936,0.194940481992276,0.372679817633975,0
0,0.769008535090323,0.5986003532761,0.601454959536131,0.13125000390625,0.415229567977155,0
1,0.292963068534621,0.417891365029327,0.671105168408259,0.057738096956491,0.67495045265247,0
1,0.242888060381641,0.35921379808732,0.428874540601636,0.257142864795919,0.341219277381373,1
1,0.290927726125086,0.364048578551182,0.458685799362971,0.334523819479876,0.621778777313715,0
1,0.291446024733914,0.406132902731839,0.612818484947933,0.253273846823626,0.336391437308887,1
1,0.218899236668597,0.48537986364179,0.611364486368816,0.342559563766654,0.39530745175281,1
1,0.26241391876118,0.399379854955309,0.361448871094955,0.186011910297974,0.335001019368011,1
0,0.737718853033586,0.488371955506792,0.275290093373917,0.289583341951885,0.374343291774505,0
0,0.879534909078804,0.429677289114621,0.37723212389635,0.209226166941255,0.351218168905912,0
1,0.112142394919334,0.487879237912195,0.52880368136451,0.286309532330641,0.347356878482982,1
0,0.777344620128794,0.481446047231386,0.418546667683266,0.448809566928856,0.233128180193564,1
0,0.775894822384859,0.631555403110331,0.700195791524199,0.0633928590295494,0.51738549685405,1
1,0.269175643279571,0.322813535003287,0.543765091763425,0.0961309552419927,0.737670144510436,0
1,0.301879489981287,0.409225799196015,0.47315923191056,0.312202390244119,0.521024086727957,1
0,0.744694949646182,0.706365819221113,0.852129694212977,0.233333370039684,0.308618914005292,0
0,0.767008508798651,0.572229450930368,0.71129858411427,0.30327378878791,0.478729480825363,1
0,0.732447094367922,0.586912374939826,0.282790307971056,0.503869092377056,0.075990864757939,1
0,0.738755316162335,0.502496315342783,0.393729481761763,0.243154798903417,0.488824551728772,1
1,0.275433518863863,0.396423523557861,0.694682590390593,0.0669642877072705,0.732143841088819,1
0,0.779291291663153,0.705124266204943,0.442179841543379,0.123809527494331,0.407434689762462,0
0,0.754281024837435,0.630922391898776,0.479911128004462,0.125595241833192,0.179545511051458,1
1,0.270639317589759,0.364658476598012,0.431274551929474,0.0508928586575256,0.492730296689762,1
0,0.720112669032921,0.613977260370042,0.554867689626471,0.800892880978955,0.568127760788337,0
0,0.729705399802156,0.558184250929408,0.801745576166903,0.247321435932186,0.655127075450534,0
1,0.273180764398656,0.300832076941802,0.456159331069878,0.356845248715633,0.573394495412866,1
1,0.152078476359408,0.450057093246412,0.905691700965134,0.130952384849773,0.683995922528054,1
0,0.735515969692728,0.553443896021869,0.458941327741646,0.366666677579365,0.372880305923049,0
0,0.729895264986617,0.511034315592607,0.62657067880091,0.144047623334751,0.731562852084387,0
0,0.818311868931754,0.614348273992719,0.58103171613028,0.0107142860331633,0.651743959981924,0
1,0.27208642458022,0.400847481731819,0.742681003066568,0.0568452397870607,0.43326481843554,0
1,0.256414130102189,0.396693830729188,0.189289330201223,0.14047619465703,0.250774569028299,1
0,0.71968326722831,0.473192235555275,0.608451583535786,0.19880955948838,0.516695010689407,1
1,0.307340813878843,0.308916184775778,0.165426574086414,0.452380936082766,0.717859969798697,1
1,0.280073659883719,0.360617946695283,0.344019911846804,0.103869050710388,0.40231642588494,0
0,0.845620123815044,0.702975630859389,0.250938420447449,0.23630950108064,0.583190621814498,1
0,0.731797064921653,0.446386152553967,0.122066604995176,0.246726197819232,0.497779234017787,0
1,0.131690371557904,0.362642429707433,0.560424287168095,0.269047627054989,0.16020834206081,0
0,0.798098199570382,0.628810903476383,0.42190584066556,0.089583335999504,0.689033668690644,1
0,0.773415089396891,0.52972185536654,0.514823658286207,0.13125000390625,0.332520563308672,1
0,0.782129749915998,0.464931435157537,0.294474909878756,0.122321432211947,0.252966360856293,1
1,0.250195049193131,0.484714893609623,0.693026635536815,0.196726196331137,0.216014786785498,1
0,0.797838441557383,0.577809000772494,0.626846187039636,0.464880966216696,0.508795806653519,1
0,0.816688297360281,0.720158913160136,0.456292525353886,0.204761910856009,0.503574976744341,0
0,0.740828673835303,0.539352887371553,0.203626336004118,0.247321435932186,0.234154824009122,1
1,0.305111075738846,0.395979481157691,0.770677910758893,0.154761909367914,0.648916570808688,1
0,0.829781804277783,0.665340006365673,0.203111008359174,0.699404812482286,0.0946170305103966,0
0,0.738997814811978,0.513920883097571,0.691129617942811,0.0979166695808533,0.422523522141948,1
1,0.294644985508016,0.430029751324115,0.743617268363017,0.120833336929564,0.769890467138191,0
0,0.740216229538899,0.551406252278591,0.322100606770047,0.0681547639331775,0.421173019069667,1
0,0.725252760448676,0.56405217877165,0.648950697812846,0.152083337859623,0.812472627196312,0
1,0.133103288639228,0.455099133411039,0.745333221157733,0.869940502081563,0.169589985557478,1
0,0.809456505075644,0.379694063534239,0.418697667682322,0.0583333350694445,0.433890256333771,0
0,0.810484564312088,0.435601235636933,0.782009579221948,0.140178575600553,0.405425038345408,0
1,0.226907349980072,0.250997760902952,0.222966788208648,0.250297626496953,0.327773144286925,0
1,0.247734608765441,0.586987248992909,0.710137949717462,0.136309527866355,0.374589732387912,1
1,0.278671061222276,0.343015281794864,0.663185137894782,0.0776785737404338,0.722015163098917,1
1,0.294961820424915,0.408023886872544,0.689342721954131,0.114880955800028,0.679807916682047,1
0,0.729371173318397,0.558881250083393,0.343728279664878,0.106250003162202,0.523465851172291,1
0,0.921216722571565,0.451505032225572,0.225685985217654,0.431845280709681,0.549397193289057,0
0,0.744452029489582,0.404867558267508,0.149290036910612,0.0934523837337019,0.137760302897932,1
1,0.257987889889565,0.371087633799649,0.968173850358221,0.118154765421273,0.497986833447568,1
1,0.299194570515776,0.417400477417186,0.376324406422275,0.192261910483985,0.160591467772727,1
0,0.838947926817805,0.68255667073668,0.426323646072962,0.465178585273172,0.506785792808476,1
1,0.304850237768266,0.359256343327064,0.712734035648652,0.295535752843326,0.378676061628926,1
0,0.821403434871615,0.62392044066114,0.461294461555199,0.0684523829896543,0.666900619976289,1
0,0.899798760585075,0.409789506330936,0.260824290401774,0.125000003720238,0.20054600630368,0
0,0.838874828417861,0.632870250021923,0.400247342539102,0.160416671440972,0.0284592031201498,0
0,0.740869642680398,0.647792337507641,0.732865433818727,0.165178576344601,0.474643221202874,0
0,0.795541374198613,0.58625527729189,0.412598334530917,0.06517857336841,0.471957186544376,1
0,0.836548535681829,0.645177683353356,0.714022297586788,0.231249977120535,0.74647672873201,1
1,0.200885740273154,0.293495233702288,0.698925497832885,0.244940483480372,0.625929269390762,0
1,0.24143239055198,0.373446952302453,0.675751720091021,1,0.394431819244564,0
1,0.273798881710077,0.319508284972625,0.48550349818155,0.0398809535678855,0.331694079400506,0
0,0.835114255207509,0.381511910039826,0.267095935814133,0.169940481248229,0.76070194021609,1
0,0.730068732619933,0.526772492843593,0.341223858832995,0.150595242577239,0.141293267739221,0
0,0.746294080729741,0.559769506252126,0.540114380735302,0.235416673673115,0.543075185277042,0
1,0.294490756432019,0.181782551200399,0.710619389420675,0.1523809569161,0.628248033389133,1
0,0.822647163871014,0.440857260002857,0.226989354196296,0.216369024296697,0.545845421992238,0
0,0.726727162446583,0.481637380206852,0.23955784881881,0.195833339161707,0.301190983109451,1
0,0.739420139502763,0.533055327268741,0.248036559717379,0.0416666679067461,0.364458880214791,1
0,0.73381505255145,0.563635695175382,0.0920592328956139,0.178273814829578,0.321408485359785,1
1,0.19679207965908,0.372752698006479,0.833484297790313,0.0976190505243765,0.513106566666122,0
1,0.268369449114354,0.604701960297696,0.831975198054515,0.217261911228033,0.420841984694019,0
0,0.735095421317696,0.595761716190409,0.121755790267978,0.0627976209165959,0.803247096289401,0
1,0.274466046518596,0.392391499924094,0.982197642604778,0.164583338231647,0.665506322250441,1
1,0.293454812278945,0.162929401969918,0.760734137673439,0.488095252621883,0.319256004938936,1
0,0.836351464334735,0.594615759094527,0.578979671430196,0.411904803925738,0.353088595987539,1
1,0.255262646281547,0.344521990035875,0.35267652978774,0.12113095598604,0.141161520952907,0
0,0.738478252094965,0.490129605797361,0.347092465276041,0.0928571456207484,0.584680355322563,1
0,0.724061708609541,0.499034048161584,0.565397350791096,0.47142861522109,0.200918206377458,1
0,0.718826626149331,0.475678465785795,0.390519979998628,0.0315476199865363,0.475433231396529,0
0,0.841654750985965,0.707052309691832,0.936843080917413,0.172023814643566,0.3162820869243,1
1,0.250298436797566,0.448699560192657,0.672000151349279,0.333035694435586,0.4381293354218,1
1,0.288651545688625,0.42507036404463,0.382641455582134,0.186904767467404,0.694593620248156,1
0,0.791111837352371,0.513782059700232,0.0259225698930085,0.119940479760133,0.579295776377712,0
1,0.168000450785224,0.457482601660491,0.355208906541474,0.282738133414825,0.301910563439959,0
1,0.269482689578966,0.402381165836105,0.671931185191685,0.254166674231151,0.267346710792756,1
0,0.803996100851225,0.648728068672883,0.898110200647121,0.111309527122307,0.633980888683579,1
0,0.725011920750834,0.533530209320857,0.705284631606378,0.0803571452487246,0.328834818065007,1
1,0.284356904619077,0.388713743399136,0.568183385232663,0.120833336929564,0.678278743494854,1
1,0.299625148163505,0.247254680519369,0.452670057876273,0.0934523837337019,0.683166317551398,0
0,0.732566360651801,0.527660283154981,0.255704415850817,0.0800595261922478,0.36015926535806,0
0,0.822115062931642,0.453006324002097,0.346178576883688,0.651785733684099,0.876390963184256,0
0,0.743847932440721,0.563094683252478,0.838418660516447,0.0616071446906888,0.813194049777669,1
1,0.227422214468031,0.415504016931666,0.803298902920353,0.209523815759637,0.423672039492738,0
0,0.749782116514734,0.600987733945548,0.314102947011283,0.08720238354769,0.490484147251407,0
0,0.847952536372615,0.471330349291659,0.412792302256038,0.0991071458067603,0.328834818065061,1
0,0.779322305998433,0.880864915334647,0.767199072980946,0.142559528052367,0.734519830263398,1
0,0.749934741775105,0.546929405611999,0.653440750828525,0.369345249087656,0.388332337399079,1
1,0.257307511295328,0.334310012913433,0.563768539929043,0.144642861447704,0.766113495871124,0
0,0.818724276089812,0.702558987528177,0.493236515433277,0.0729166688368057,0.815442996770593,1
0,0.883749590726416,0.620198429770656,0.221267759932352,0.113095241461168,0.473768060209876,1
0,0.957744702282968,0.469862113121351,0.271270559487664,0.0383928582855018,0.455434069233233,0
1,0.247555816706658,0.386444921424797,0.650933859583476,0.0934523837337019,0.437013788293375,1
1,0.294605741508997,0.519871075914264,0.4598427083135,0.498214300542092,0.668985728848133,0
1,0.285969828983244,0.421167902020213,0.539092068548083,0.322619086982711,0.624428125711757,0
1,0.303967212386223,0.50447506310968,0.571605883300659,0.0508928586575256,0.52062181447506,1
0,0.794349627979085,0.588317273064759,0.278248541001644,0.355952391546202,0.455182878358558,0
1,0.285366993898897,0.397433444459193,0.689322994166514,0.233630929572349,0.7256146720231,0
0,0.815243184910098,0.461012320044388,0.430277191078497,0.227380959148243,0.678178274239875,0
0,0.843484057969501,0.754365138181663,0.644295354034577,0.133333337301587,0.194774795182558,0
1,0.261535009464629,0.315617270360813,0.477049755059684,0.0485119062057115,0.565078598637292,1
1,0.286718858230503,0.43266078158695,0.887725260699062,0.17440476709538,0.494150395985281,0
0,0.771845479195186,0.640585202829618,0.4479922493488,0.145833337673611,0.669547814340469,1
0,0.766922795494618,0.555535905838083,0.379658518056099,0.0550595254482002,0.702887470637793,0
1,0.27108245940603,0.449716537022909,0.335594456709913,0.298214264827805,0.481320994664105,0
1,0.238863167137305,0.503919727993944,0.570019870408305,0.282440484596443,0.545140511542377,1
1,0.267024876998096,0.365102113160087,0.48675373804636,0.19553572010523,0.704304336746027,1
0,0.719957828857068,0.553118433334915,0.474113540512262,0.208035720477254,0.489926987317348,1
1,0.240152854950425,0.350755297822922,0.713854896951792,0.265178579320791,0.5925210579967,1
0,0.733751614722694,0.538543010334454,0.710042969039156,0.237202388011976,0.334405125964808,1
1,0.245478204408584,0.370395716549367,0.4196992099139,0.131845242019204,0.545276731210894,1
0,0.738312418395445,0.545130382636884,0.845246153191123,0.462500013764881,0.706349908715795,0
0,0.730894840600241,1,0.331905784861227,0.149404766351332,0.857377336463024,1
0,0.739844130792453,0.557674870837445,0.757273826296601,0.137202385035785,0.422502548420004,0
0,0.727187861310654,0.541554158244814,0.443584792409572,0.44523810848923,0.45351903558926,0
1,0.253138563606081,0.373180637981368,0.348187837420419,0.0613095256342121,0.230210002917185,0
0,0.723199000129297,0.576202954118575,0.468183772028568,0.189583338975695,0.423825694327201,1
1,0.296197958565871,0.427649457686756,0.637378376882486,0.236011941547975,0.288289511155843,1
1,0.212296116266021,0.336037893748501,0.601455044541378,0.350595218767715,0.629909456137222,1
1,0.271341166797391,0.404512066814332,0.624183116826079,0.196130958218183,0.764448550732495,1
0,0.800880002642824,0.654552502790663,0.639347301527312,0.13125000390625,0.6655390472067,0
1,0.272507424694914,0.361056802650717,0.455037036020623,0.3354166468874,0.588015579594409,1
1,0.223109625842788,0.250739041354638,0.769736666664634,0.3354166468874,0.644342012806455,0
0,0.731604420503858,0.41768853409062,0.364028889070972,0.301785723267432,0.451591771027052,1
1,0.300656682146274,0.409648437309829,0.762850592648956,0.0488095252621883,0.519673802242634,0
1,0.274911148416976,0.392859605323859,0.250583345155554,0.180654767281392,0.629512460894959,1
1,0.220253826466776,0.447964374985234,0.756807076750437,0.422023851845948,0.565959105354704,1
0,0.722586427042479,0.513096250818128,0.510901528736619,0.0327380962124434,0.711366354435075,1
0,0.776338429726563,0.568549065469914,0.137707774004682,0.258035751727255,0.23843017329257,1
0,0.78288682982844,0.58509313609571,0.505791045037289,0.272916704551093,0.385255965582507,0
0,0.784890779836345,0.555170540763249,0.102917057930012,0.680357192867774,0.628475761694438,0
0,0.731411700175262,0.553147330578996,0.566192213609376,0.122916670324901,0.689808706561827,0
1,0.269912424887273,0.35091675491892,0.210007662079632,0.14315476616532,0.502021160673509,0
1,0.298151128068538,0.351969472842742,0.386511175621315,0.216071464764032,0.594866567343658,0
0,0.837604523497528,0.598885286286165,0.607402917426228,0.237202388011976,0.471250438835824,1
0,0.7893259393558,0.690321502478443,0.589178304765563,0.216666643353174,0.410349838419353,1
1,0.252334456060417,0.455914452911495,0.496960486862432,0.271130930688421,0.553715354418092,0
0,0.888286802748491,0.428186877294865,0.0874341347239935,0.139583337487599,0.614475025484226,0
1,0.269493631375955,0.367605952668154,0.408221052770091,0.184821434072067,0.418595200705287,0
0,0.835175852453159,0.486158145178611,0.47629040152563,0.147619052012472,0.766946992864452,1
1,0.138304145961169,0.410518980900493,0.820554436333094,0.147916671068949,0.896372727711838,0
1,0.284265964344277,0.277706623105542,0.439344645453792,0.28511908586664,0.557778371584395,1
1,0.254120547305125,0.343416277060547,0.714345057364348,0.186904767467404,0.597892059216883,0
0,0.842809477425085,0.651756889292228,0.441534973435505,0.127976194285006,0.683995922528066,1
1,0.269378596182627,0.308199748852525,0.480836042478407,0.235119054616639,0.614475025484224,0
1,0.248975619604052,0.3422391843516,0.410241735500353,0.267857180590988,0.259340569048714,0
1,0.257419081030633,0.463193898706286,0.56011896393512,0.118750003534226,0.848528712198451,1
1,0.158973401830088,0.499144884256092,0.714436925061516,0.218452417215846,0.319537886510386,1
1,0.22951565869669,0.42500622919075,0.619317794286453,0.211607119393069,0.269058849372968,0
1,0.270878153763505,0.3537465432774,0.4598427083135,0.498214300542092,0.668985728848133,0
0,0.771905798017882,0.656088853931459,0.330281993004992,0.172916671812996,0.45279110437769,1
0,0.747320097882576,0.607200342422699,0.240667746075902,0.20416664298115,0.522257074649734,1
0,0.767870270749563,0.621615686442988,0.66476661742645,0.343154742355796,0.409331394863071,0
0,0.776538644193246,0.560161125830759,0.259487364222346,0.340476170847505,0.670139937848614,1
0,0.722117714719061,0.542130596281908,0.18113036952426,0.291071407472363,0.354420715587886,0
1,0.196030261127248,0.243066867164838,0.496999828351761,0.14315476616532,0.388251783894003,0
0,0.726675463163761,0.598348724803778,0.434319164308429,0.201785690529336,0.605600017350967,0
1,0.287159045005323,0.217059973405692,0.162606949677404,0.139880956544076,0.438339042514517,0
0,0.893305714249212,0.488913702105628,0.357232750950201,0.100297622032667,0.520114738164686,1
1,0.30499195298699,0.40542121407407,0.471456357218355,0.0178571433886055,0.666849512943241,1
0,0.798986188823197,0.292302662169899,0.383408602164905,0.185714291241497,0.456591119113654,1
1,0.282669810640764,0.286344375846662,0.666654123162421,0.379166677951389,0.217255843676281,0
0,0.722969628659074,0.572617757572997,0.55652210029349,0.409226232417447,0.305629978439919,0
1,0.277016846882209,0.358012253741694,0.259416441652007,0.223809500708616,0.515643924460236,0
0,0.75813458625343,0.537117701445247,0.633711201963039,0.258333370783731,0.580602617617976,1
0,0.74280600143041,0.4975909800666,0.567622164595268,0.019642857727466,0.268856851609166,0
1,0.281479521812515,0.350585926633712,0.250869097095416,0.613690494455074,0.704564235262917,0
0,0.745825597516746,0.519084779169546,0.297419518268075,0.239880959520267,0.491264722802578,0
0,0.891729197023152,0.618251491532843,0.478476696509173,0.127083337115576,0.129027382333314,1
0,0.856522673063653,0.564209134116151,0.206747416328504,0.244047596549036,0.479778287461797,1
1,0.170078321501052,0.46108108140816,0.899581908015182,0.218154798159369,0.549495694578937,0
0,0.726527399954484,0.504576777335778,0.382499002197371,0.175000005208334,0.362791777958443,0
0,0.848949921955675,0.480145576980484,0.266544947640861,0.0505952396010488,0.410762629495308,0
0,0.899132210016895,0.396985128881616,0.516528928358099,0.123809527494331,0.750988786952124,1
1,0.187197458704669,0.436066073395694,0.740679422406588,0.215178577832696,0.516793765080858,1
1,0.0984654017369967,0.0395966507888883,0.513625410728354,0.0967261933549462,0.630832883612164,0
1,0.227912299675922,0.308855366878217,0.421728321662403,0.71726189634708,0.853224421911066,1
1,0.198375558084775,0.308307651036262,0.79851935193373,0.254464293287628,0.270749388598005,1
1,0.249726013365369,0.296287006294983,0.320557249914507,0.258630930316397,0.722618643107963,1
1,0.306940745807049,0.397125683261133,0.0689428362884089,0.045535715640944,0.991320059674623,1
0,0.746797912753096,0.499914692132939,0.50093516438908,0.126488099002622,0.385713695346737,1
0,0.81851293839212,0.741629470567118,0.696507596857195,0.0339285724383504,0.531621353664886,0
0,0.74033784458483,0.528657047536598,0.528756955097377,0.0821428595875851,0.520172756049165,0
1,0.131174601535489,0.24149387450684,0.413445904899625,0.0363095248901645,0.593523522265548,1
0,0.724610345114355,0.497280778960578,0.28736488109127,0.088392859773597,0.43074122615406,1
0,0.795717316280765,0.351702998641856,0.420731040203221,0.142559528052367,0.316528323867789,0
1,0.210664664544672,0.217564242412063,0.485196683738066,0.699404812482286,0.643159865525231,0
0,0.744283066601319,0.619507092324482,0.34809550604041,0.629166685391866,0.52058026812223,1
1,0.248032596872827,0.280823808302167,0.42524630530519,0.260416704179069,0.611164506577369,0
0,0.723355063851261,0.571509876844244,0.354536835182338,0.252083340835814,0.403639171506601,1
0,0.767763758300962,0.770863672174098,0.902070054944561,0.112797622404691,0.897698290872915,0
0,0.719595554262614,0.57167657820328,0.284635718909928,0.196130958218183,0.761145047676454,1
0,0.781485396050695,0.56062139324491,0.377843455198061,0.171130957474136,0.686979652014917,0
0,0.753249896503016,0.545634775675898,0.80512491990609,0.113690479574121,0.503422163972636,0
1,0.274035269434438,0.23307177152735,0.725550445794051,0.122619051268424,0.657068814518126,0
0,0.791152302518076,0.551416522421282,0.697191939687533,0.0976190505243765,0.261466088904736,0
0,0.751469787269817,0.40314664755879,0.353528448740469,0.0976190505243765,0.566010065926255,1
0,0.818527475989241,0.5926341527388,0.388267091438243,0.113988098630598,0.307303195867946,0
1,0.180247453352362,0.271117661856355,0.479276041384246,0.0877976216606435,0.58731123127504,1
1,0.0228391172570029,0.449609216867919,0.933739704881644,0.250892894371812,0.688085387060051,0
1,0.263960522526732,0.310240264428516,0.290856538741914,0.0303571437606293,0.277122469783038,1
0,0.787469269243978,0.55727751876374,0.576335639176889,0.647916656187996,0.44902305821789,1
0,0.814972472316991,0.430680053727072,0.0487054330345339,0.151190480690193,0.60288820931025,1
0,0.775340907791479,0.321564330950238,0.0250489924032727,0.502678586389244,0.543136588648396,1
0,0.740830619395659,0.588899419456566,0.547791756246781,0.219047595804988,0.767712185983984,0
1,0.257698530679049,0.364970500574391,0.303136494301988,0.15327381408553,0.352014110801884,1
0,0.92427496913424,0.550173185432005,0.179004714000913,0.149404766351332,0.331043675997827,0
1,0.209181025266022,0.306846586185634,0.685982261228752,0.315773789159934,0.308858408776656,1
0,0.738554517486427,0.444995372115987,0.357981292899896,0.0824404786440619,0.496439545611235,1
0,0.778228014704027,0.491154834188904,0,0.313095217651643,0.607551782625091,1
0,0.753115123827282,0.509928516256863,0.562962954437483,0.302083342323909,0.55324561157407,1
0,0.744231571248107,0.508886155431822,0.891056410992521,0.204464291799533,0.432108614398226,1
1,0.296027803836763,0.223366985396016,0.620660105400036,0.204464291799533,0.734050968399619,0
0,0.817975893350234,0.389228780300219,0.16096161111286,0.617857191007655,0.215379595491926,0
1,0.300970647343296,0.444101415935284,0.744691421065079,0.178869052942531,0.851678367862645,1
0,0.723645187230371,0.647366885895057,0.61602765277378,0.180654767281392,0.499331039755379,0
1,0.28145215664765,0.403641875123149,0.59180202190137,0.142559528052367,0.743638515166205,1
0,0.771502462722525,0.55033396529053,0.409273735615742,0.0806547643052014,0.14520897043834,1
1,0.203089071848566,0.182360987845933,0.922276165038613,0.11934524164718,0.699347540171811,1
1,0.287543389543897,0.469344118561921,0.654416727068811,0.442261888162556,0.324265699452421,1
1,0.296738133284133,0.277329393088724,0.159847582888254,0.613095226580215,0.630982883276486,0
0,0.719379919375916,0.533126053201191,0.280513538492763,0.131845242019204,0.690148214301854,1
1,0.285440670244936,0.325649834154031,0.336508990816875,0.252380959892291,0.723722149410252,1
1,0.221674737624037,0.479659694192985,0.790445985162265,0.183333338789683,0.333717556653349,1
0,0.814873334167054,0.624854918390562,0.525392637930074,0.669940525891087,0.342303078213972,1
1,0.301465732106659,0.39563359610473,0.618369406926303,0.0943452409031322,0.493264890053917,0
0,0.769704455775531,0.526471140071464,0.263094394859219,0.046726191866851,0.249490316004091,1
1,0.291138559026487,0.36103956227658,0.433882901445288,0.166964290683461,0.316181874214747,1
1,0.281065766796604,0.316603960301432,0.559350192812597,0.0839285739264457,0.698978874477147,0
0,0.777916631342959,0.540979740023559,0.474153751406266,0.236607120137117,0.49659176527946,0
0,0.747248292279993,0.53022156465982,0.700526648109288,0.113988098630598,0.744765937426512,1
1,0.188132275771177,0.420245417163999,0.911079731018749,0.639285733312075,0.120444763124626,1
1,0.301752900861825,0.386879439785607,0.474113736008717,0.288988103838932,0.485979745189581,0
0,0.727197392149292,0.514531363738163,0.0746047912206461,0.0946428599596089,0.832177914235034,1
0,0.77237778438836,0.529984872600354,0.62314101559385,0.222321435188138,0.769927886346184,1
1,0.220325472203445,0.234387703139906,0.381222266899334,0.389285755633505,0.346572321813209,1
0,0.760625318162271,0.344038254834013,0.354890311979975,0.0916666693948414,0.141808491778594,1
0,0.76683554812159,0.616586899141142,0.490021396301311,0.0851190501523527,0.608249273510151,1
0,0.768858527470585,0.531923230793483,0.216778254146226,0.266071406728316,0.217508118943967,0
1,0.296645098295662,0.389219531041805,0.568661000772687,0.204761910856009,0.311959173172076,1
0,0.771137784813477,0.60173206931941,0.514803911490306,0.103273812597435,0.568747376626535,1
0,0.768793255436939,0.535134520801238,0.0577020777741531,0.479166651165674,0.748429924666246,1
0,0.723426150084175,0.595254462725028,0.473239605671885,0.112202384291738,0.658006802137847,1
1,0.260292686729091,0.388878474301287,0.808546863356054,0.48005953809701,0.311763589165826,1
0,0.862335484205102,0.457052935385616,0.506072472312741,0.104166669766865,0.378815606764756,0
0,0.748826704888487,0.503086458713503,0.0487054330345339,0.151190480690193,0.60288820931025,0
0,0.737592439284752,0.598048386092027,0.817856707481069,0.0767857165710035,1,1
1,0.28293938053465,0.262144035478383,0.417333710843341,0.104166669766865,0.632225041750725,1
1,0.271705894454146,0.551578100715844,0.766818790445601,0.38779760082731,0.145335219040722,0
1,0.179754880495202,0.286551109768123,0.817667743183814,0.208630988352113,0.495608876342843,0
1,0.29491095515158,0.350027246360101,0.262261898404684,0.241369025040745,0.190719037433798,1
1,0.260374924914346,0.30590265694757,0.472951467365356,0.19553572010523,0.242805614365235,1
1,0.0273593051430031,0.460373590864774,0.919297877076398,0.223511941175951,0.526526902717934,1
0,0.753811058576985,0.528890255421666,0.339317544171111,0.118154765421273,0.260249502451344,1
1,0.25497140900443,0.37206115970129,0.965423179377454,0.362500040550596,0.423292558613683,0
1,0.220777640483352,0.322521732729004,0.640145517510725,0.397916678509425,0.365937818552515,1
0,0.731643553773012,0.646414485921993,0.599703517166597,0.268154799647464,0.285165513171337,1
1,0.281815885209061,0.289983387502576,0.500935160632084,0.361904772675737,0.165183258021829,1
1,0.17914975976466,0.453825161843727,0.411633804520821,0.130654765793297,0.20616215129719,0
1,0.270993523779602,0.369481242054317,0.921364442323318,0.22767857820472,0.491000794231523,0
1,0.15880779155823,0.46628062280938,0.768190226320469,0.940178629171983,0.262614158813386,0
0,0.803963135979702,0.650634593069598,0.847482233391392,0.228273846079579,0.543953827763502,1
0,0.760634137983799,0.540573466162907,0.473663757548127,0.138392861261692,0.264647488324694,0
0,0.794461016619711,0.601259155449438,0.876584004174937,0.256845245739442,0.399211524999101,0
1,0.243020456080744,0.290745024217158,0.192767250016845,0.22619045316043,0.477702459489975,1
0,0.772316194309692,0.683138071568676,0.0689428362884089,0.045535715640944,0.991320059674623,0
0,0.725125542093371,0.619153326601317,0.504056195389617,0.280357180963011,0.889398572884839,1
0,0.815968700552387,0.604448914676284,0.537589093590468,0.164583338231647,0.449740725967311,1
1,0.219242642339699,0.328481022009848,0.442282970017754,0.0366071439466412,0.258838245387476,1
1,0.291999682359337,0.393625495832169,0.859659009520562,0.227976197261196,0.398720517417167,1
1,0,0.459842796939239,0.54149964007937,0.231547596177012,0.51522795177337,0
0,0.735566647667712,0.417553607873019,0.131365459166697,0.25565479927544,0.25311119605846,1
1,0.289191336335524,0.234853352983073,0.651415761074643,0.079761907135771,0.428054263890668,1
1,0.209019410826915,0.579376263802113,0.337861098146415,0.1523809569161,0.850241545893735,0
1,0.294490756432087,0.310640680300068,0.721897137652611,0.206845214489441,0.365217175107564,1
1,0.29754754060059,0.208909289752491,0.330029630705576,0.0285714294217688,0.490882319628522,0
0,0.742101924445275,0.584873468983266,0.772518298668779,0.111607146178784,0.46158796800222,1
0,0.736577539906032,0.561918277413368,0.850302566929395,0.132738099188634,0.745808435590047,1
1,0.217393147389482,0.285791501414015,0.427273063102744,0.191666672371032,0.469458779306842,1
0,0.721384057143538,0.508841474686246,0.171250535271446,0.261904769699547,0.528933456605763,1
0,0.772821625032853,0.632815309409645,0.742793715177774,0.453273823014102,0.226744384924304,1
0,0.816444655235943,0.510041729553786,0.308638221037482,0.188690481806264,0.515682171790367,0
0,0.940941708228053,0.470924123112208,0.379586433750789,0.365773820409935,0.259487790136492,0
1,0.0896424768867738,0.0369518052756804,0.496999828351761,0.14315476616532,0.882627056939016,0
1,0.22774486958452,0.369302915335098,0.967051863334552,0.439880935710742,0.256460994183621,1
